p,1600
p,2833
p,4825
q,5693
q,4982
p,8644
p,737
p,3983
q,6624
q,719
q,6819
p,5273
q,8483
q,3597
p,5959
p,118
q,8560
p,6791
q,794
p,6019
q,8325
p,8398
q,3911
q,3908
q,7192
p,5007
q,4322
q,9074
q,6645
q,3181
p,3062
q,1109
q,1183
p,3135
p,4075
q,8110
p,6354
q,2195
p,139
q,820
q,3400
q,3139
q,8572
q,7046
p,4170
q,932
q,4086
q,1855
q,7485
p,2070
q,6379
p,7011
q,555
p,4621
p,4155
q,5643
q,3444
p,2817
q,2843
p,1568
p,6602
p,62
q,9992
p,2273
q,8731
p,5651
q,7384
p,6979
p,3041
p,6808
q,6794
p,5174
q,1878
q,5648
q,6260
q,6966
q,36
p,8541
q,2209
p,3199
p,1404
q,7722
q,9917
q,1138
q,8169
q,2444
p,7154
q,5944
p,1135
q,1479
p,1778
q,4721
q,8854
p,5444
q,971
p,8591
p,293
p,3453
q,2961
p,490
p,3520
p,3777
q,2130
p,8317
p,1490
p,5553
q,6192
q,3185
q,1522
q,969
q,8881
p,1365
q,1890
p,8322
q,9291
q,7014
p,254
q,9606
q,5817
q,7556
q,638
q,4672
p,738
p,6846
q,8224
p,4930
q,7271
p,2049
p,512
q,1619
p,3705
q,1316
p,1508
q,7955
q,424
p,9938
q,3271
p,6021
q,7048
p,4222
p,919
p,6805
p,8793
q,6220
q,8765
p,7714
p,3800
q,6447
q,5677
q,2354
p,11
p,5299
q,5822
q,7417
p,7595
p,5752
p,1945
p,2943
q,4423
p,2189
p,4236
p,5524
p,369
p,9528
q,3059
p,3325
q,8810
q,2902
q,941
q,95
q,7237
q,6648
p,208
q,1622
q,4786
p,4995
q,6925
q,4396
p,2508
q,3401
q,4690
q,5627
p,7101
q,1333
p,740
p,1857
q,5234
q,6345
p,2203
q,7059
q,1744
p,3393
p,2109
q,2959
q,2441
q,1910
p,3225
p,1215
p,132
q,3737
q,4389
q,2254
p,3466
q,3981
q,5225
q,4334
p,2773
q,1129
p,91
p,7908
p,6571
q,7813
q,3596
p,5342
p,3623
p,9605
q,2619
p,6092
p,9034
q,2812
p,4497
q,6021
p,9240
q,868
p,6912
q,3416
q,7320
p,1363
p,3805
q,5546
p,3179
p,1138
p,2327
q,4003
q,2160
p,8825
p,7837
p,6051
q,9668
p,3959
q,7726
q,7059
p,2790
q,4262
q,8200
q,1253
q,5916
p,2125
q,1603
q,2513
q,4207
p,8032
p,6153
q,3118
p,6549
p,8068
q,3424
p,8249
q,7833
q,3938
p,4169
p,5402
q,2916
q,52
q,7904
q,4227
p,7112
p,8165
q,8759
p,1689
q,5439
p,3260
q,799
q,8323
q,8665
p,9262
q,5366
q,9651
p,4089
p,3281
q,8277
q,2546
q,480
q,4445
p,5236
p,3948
q,7623
q,9371
p,5713
p,2386
q,8830
q,24
p,2805
p,5967
q,3061
q,5640
p,125
p,6868
q,8434
q,9008
p,1886
p,5211
q,1297
q,7825
q,7212
p,1778
p,3389
p,4176
p,1565
q,684
q,5716
p,9125
q,5252
q,9982
q,5988
p,9596
p,8143
q,5050
p,8170
p,3901
q,800
p,4984
q,2377
p,611
p,9694
q,1593
q,7975
q,3566
q,3462
q,3783
q,9706
q,4508
p,2558
q,333
p,72
p,3658
p,6568
q,708
q,7558
q,2315
p,2535
p,953
q,1347
p,9770
q,8470
p,2963
p,5400
q,6044
q,9247
q,1595
p,936
p,8585
p,508
p,7353
q,7293
q,2815
q,65
q,4402
q,5217
q,519
q,936
q,4428
q,5253
p,9805
q,7414
q,5770
p,9461
p,5981
p,7683
p,1747
p,4561
q,3260
p,5590
q,5266
p,3284
q,8431
p,4314
p,3302
p,8874
p,6034
q,4579
p,3170
q,5491
q,1188
p,9647
q,3004
q,6427
q,1087
q,4552
q,3688
q,633
p,2298
q,3252
q,6840
q,6833
p,5048
q,6937
p,6921
q,3262
p,2311
p,9779
q,5891
q,1318
p,2225
q,8827
p,7707
p,3556
q,5103
p,182
q,6313
q,6352
p,9212
p,6670
p,2150
p,3118
p,3499
q,6903
p,5433
q,7140
q,4286
q,5910
p,6909
p,5892
q,8331
q,1582
p,3344
q,6404
p,4337
p,4589
q,8237
p,6801
p,3875
q,2931
q,5860
p,2466
q,1524
q,712
p,6351
q,559
q,3811
p,3620
p,6076
p,9957
q,757
p,6471
p,4486
q,1926
p,7018
p,9774
p,3630
q,6713
p,5281
q,8597
p,1549
p,9149
q,3355
p,4561
q,7614
p,1625
q,428
p,1524
p,3262
q,1982
p,2548
p,4816
p,591
q,4008
q,9149
q,5379
p,8847
p,7680
p,8356
q,2221
p,3689
q,9714
q,6334
q,8608
q,7462
q,2120
q,3151
q,6816
p,2805
q,4988
q,8003
q,6685
q,8651
p,5525
p,2719
p,3941
q,7837
q,8421
q,5928
q,7666
p,9281
p,9453
q,558
p,2834
q,178
p,2512
p,8100
q,2568
p,1394
q,6261
q,7918
q,3277
q,9322
p,3063
q,8809
p,9490
p,8446
q,683
p,2818
p,1044
p,9294
p,2920
p,3390
q,973
p,2949
q,9340
p,9710
q,7355
q,832
p,4449
q,5287
p,4505
q,3155
p,5481
p,3230
q,1871
q,6948
q,743
p,5229
q,5711
p,8752
p,4150
q,7050
p,9016
q,8477
q,9042
p,7397
p,6256
q,5892
q,2655
q,9414
q,4313
q,1821
q,5929
q,2375
q,8917
q,184
q,2223
q,3531
p,6000
p,4867
p,3477
q,6788
p,9391
p,4410
q,4414
p,8239
q,4001
p,8149
q,9163
q,2338
p,7471
p,2064
p,3706
q,4928
q,5856
p,4647
p,3311
p,5991
q,1
p,7134
p,3486
p,1932
p,5582
p,1497
q,1767
q,9807
q,1925
q,255
p,4540
q,6967
p,9579
q,6396
p,7721
p,2585
q,2426
p,8350
q,54
p,9412
p,588
p,7942
p,3058
p,2243
q,7000
q,7230
q,7283
q,4298
p,8360
p,1683
p,6523
p,1772
p,880
q,8364
p,2119
q,3668
p,8983
p,7978
p,1476
q,6401
p,7317
q,7031
q,3977
p,2753
p,7975
q,8094
p,7762
p,4459
q,5096
q,9983
q,7592
q,9268
p,2182
p,8158
q,70
q,3150
q,7059
q,6965
q,6446
p,9320
p,1869
p,5836
p,5513
q,6911
q,1947
p,5096
p,9981
q,1029
q,2473
q,6681
p,2186
p,8037
q,1032
p,3333
q,6772
q,5441
q,7790
p,5265
q,2732
p,4427
p,3219
p,5702
p,2164
p,3514
q,4406
q,6091
p,4200
p,1960
q,2436
p,5184
q,9182
p,5607
q,9379
q,6891
q,4024
p,8548
q,7767
p,5768
p,1123
q,7245
q,4200
p,6963
p,4601
p,2098
q,1097
q,9128
q,8340
q,9289
p,7206
q,8719
q,1380
q,8320
p,8068
q,9165
q,2543
q,9748
p,6900
p,7593
q,1867
q,3450
p,1137
q,6407
q,1679
q,7444
p,9911
q,9658
p,4203
q,8255
q,7592
p,657
q,842
p,5651
p,7684
p,1396
q,5952
q,4683
p,4945
p,4886
q,4904
p,735
q,453
q,863
q,3166
q,9162
q,4043
q,7902
q,9273
q,7946
q,3476
q,8261
p,4222
q,6948
q,8282
q,6044
p,2666
q,1931
p,8292
q,401
q,1417
q,4641
p,2704
q,4387
p,355
p,8330
p,4801
p,7748
q,9000
q,485
p,9651
q,3079
q,7759
p,5964
p,6896
p,3703
p,9727
p,9092
p,2247
p,66
p,751
q,7563
q,8049
q,9823
q,9833
q,505
p,9097
q,5183
p,4577
q,4140
p,1657
q,2740
p,2688
q,3806
q,9270
p,297
q,8399
q,5965
p,1543
p,8585
q,9402
p,3103
q,3789
q,1393
q,1634
q,2459
p,2026
q,377
q,8580
p,3591
q,4883
p,9284
q,3585
p,4557
p,5956
p,8477
p,287
q,3957
q,3289
p,9017
q,4848
p,6632
q,9784
p,4381
p,2046
p,7254
p,929
p,4620
q,7652
p,2634
p,5791
q,9379
q,2443
q,6618
p,1028
p,9519
p,5680
p,2639
p,280
p,7412
p,6877
q,125
q,5296
p,657
p,3399
q,6306
q,6439
q,912
p,1287
q,2260
p,909
q,2190
q,8221
q,8573
p,9265
q,4670
q,9734
p,1812
p,8802
q,9365
p,6214
p,2785
p,8222
p,4500
p,5844
p,3746
q,6230
q,7526
q,5630
q,6327
p,3586
q,2053
p,8485
p,8607
q,7541
q,1987
p,2105
q,2560
p,2901
q,2989
p,3625
p,5934
p,4137
q,4610
p,3744
p,6099
p,7194
p,8796
p,6878
p,8620
p,4569
p,7955
q,420
p,3238
q,2392
q,4145
q,3053
q,6828
p,866
p,1263
q,7812
q,5696
q,7124
p,727
q,3276
p,9014
q,4762
p,8234
p,5721
q,7456
q,1085
p,5130
p,581
q,6897
q,4466
q,2900
p,540
p,6649
p,8619
q,4716
p,2482
q,6640
p,5121
q,1618
p,5751
q,7524
p,4260
p,6331
q,113
q,5404
q,7343
p,6614
q,6505
p,4324
p,3722
p,5497
q,2313
p,5157
p,6701
q,5646
q,7694
q,8025
p,3456
p,6
p,8083
q,6643
p,6879
p,4395
p,2862
p,8624
p,2624
p,1239
q,9894
q,6524
p,3675
p,8710
p,7760
p,5184
p,8469
p,9454
p,2342
p,300
p,9604
q,4378
p,8717
q,1493
q,4011
q,8370
q,6965
q,9352
p,7110
p,9643
q,3096
q,1365
q,9398
q,8195
q,9292
q,3511
q,363
p,1083
q,3386
q,7246
q,4260
p,3933
p,6599
p,3877
p,8588
p,9596
q,864
p,4066
p,1739
q,8212
p,3466
q,8447
q,8172
p,2094
q,8500
q,2579
p,6079
p,2284
p,4173
p,715
p,3915
p,3368
p,3250
p,9811
p,4496
q,5554
q,474
p,1361
p,516
p,3131
q,9070
q,2523
p,2919
p,7606
q,5600
p,7543
p,7266
p,4496
p,8851
p,8482
p,8232
p,5560
p,3974
p,3279
q,658
p,8150
p,6987
q,6457
q,9684
q,8772
p,2655
q,6436
p,7137
p,7889
q,6301
p,4130
p,1089
q,9936
q,2545
p,9473
q,1754
q,5185
q,8032
q,2779
p,7893
p,5499
q,9963
q,2737
p,6129
p,7021
q,4798
q,5688
q,2463
p,7763
q,7296
p,8984
p,1732
q,9074
q,1344
p,3730
p,3654
p,6128
q,8300
p,2363
q,4231
p,808
p,2377
q,8218
q,398
q,8126
q,7989
q,6488
p,8649
q,2083
q,7645
p,925
p,6686
q,7919
q,3672
p,2081
p,7094
p,8859
p,6120
p,7644
p,8878
q,5484
q,5717
p,949
p,51
q,4860
p,967
p,1584
q,4129
p,6273
p,1631
p,9113
p,9029
q,8860
q,6572
q,9579
p,5803
p,6559
q,137
p,1453
q,5618
q,1895
p,3704
q,8164
q,2827
q,5384
q,1685
p,1198
p,3560
p,7212
p,4334
q,7773
q,2975
q,9484
q,240
p,7200
p,42
p,4717
p,5002
q,8059
p,6517
q,5048
q,439
q,1059
q,1320
q,9177
q,132
p,7805
q,8388
p,3276
p,7100
p,8429
q,4420
q,3599
q,7646
p,388
p,3606
p,8005
q,675
q,6913
p,7661
q,144
q,9252
q,1085
p,8963
p,3150
q,2128
p,1935
q,231
p,9342
p,1558
q,2085
q,5247
q,7661
p,9537
p,3351
q,1237
q,3448
p,2648
q,4237
p,4589
p,4627
p,9623
q,2357
q,7792
p,6623
q,4746
q,5960
q,9086
p,9375
p,8259
p,5981
p,2480
q,1710
q,1585
q,1558
p,1676
p,6677
q,5188
q,5878
q,1882
p,8200
p,1644
q,3401
p,988
q,2433
q,755
q,2585
p,284
q,5279
q,2349
q,7032
q,5563
q,7662
q,2931
p,2400
q,6865
q,6139
p,2296
p,7979
q,3308
p,2296
p,2415
p,9198
p,1531
p,6289
q,9855
p,7376
q,446
p,4464
p,1572
p,2913
p,6411
q,5061
p,4204
q,2818
q,1245
p,6560
p,7150
q,9305
p,7405
q,6197
q,8124
q,7578
q,3541
p,2743
q,9050
p,1581
p,73
q,4698
q,2349
p,4574
q,6086
q,1317
q,7784
q,4326
p,1044
p,9871
p,6321
p,1391
p,7232
q,34
p,1490
q,7997
p,7068
q,6764
q,2045
q,7225
p,1722
q,3387
p,9883
p,7432
q,4791
q,1655
q,2466
p,834
p,761
p,3396
p,7598
q,2385
p,3064
p,604
q,7770
p,4550
p,1149
q,6655
q,6102
q,9078
p,8158
q,9628
p,8050
p,4004
q,4317
p,5889
p,8939
p,6508
p,4520
p,3005
p,5379
q,856
q,1211
p,8762
p,8650
q,2908
q,6076
p,3986
p,3208
q,5240
p,2751
q,5425
q,6470
q,7218
p,1379
p,3576
p,6485
p,9480
p,3021
p,4592
q,2186
p,9684
p,1802
q,9700
q,1119
q,5931
p,6831
q,9024
p,7354
q,3831
p,1570
p,3435
p,4380
q,7022
q,3441
p,7466
q,1699
p,7043
q,1833
p,9910
q,8723
q,1637
p,4282
q,4657
q,9211
p,8158
q,7802
p,3704
p,7145
q,366
q,7732
p,2750
p,9104
q,9669
p,7244
p,6359
q,7469
p,5381
q,7666
q,5211
p,3791
p,5669
p,2804
q,4081
q,4903
p,1195
q,3963
p,1467
p,8478
q,8119
p,5563
q,4620
q,2114
q,9791
q,3226
q,1255
p,6648
p,9623
q,3212
q,9349
q,8253
q,8423
q,828
q,6011
q,6804
p,3120
q,3860
q,4788
p,2636
p,1241
p,1252
p,6308
p,4269
p,4931
p,4873
p,907
q,8826
p,1860
p,5040
q,4241
p,1555
q,9716
p,9712
q,2852
p,7754
p,8900
p,3935
q,9141
p,6119
q,3696
q,3322
p,266
p,4919
q,5784
q,204
q,7424
p,9721
q,2998
p,2408
q,3453
q,2865
p,2010
p,5811
p,7757
q,2976
q,694
p,7744
q,2067
p,9739
p,2781
p,6259
q,8312
q,764
p,5212
p,7829
p,1451
p,823
p,2715
p,1936
q,1905
p,9406
p,6896
p,5382
p,2459
p,7200
q,3907
p,2229
q,280
q,9200
p,2583
p,3787
q,8049
p,3120
q,1701
p,1389
p,4148
p,1389
p,1923
q,6239
q,155
p,1490
p,137
p,2053
p,6340
p,323
p,7492
q,9528
p,2593
q,2890
q,2865
p,5727
p,110
p,4910
q,7315
q,4605
q,8156
q,2135
p,1339
p,4535
p,4564
q,6695
p,7699
q,2773
q,4734
p,9382
q,2820
p,2572
q,5876
q,4402
q,8160
p,8276
p,7766
q,2076
q,9339
p,6185
p,1445
q,6707
q,1669
q,6500
p,4027
q,4823
q,3508
p,3479
p,2615
q,4611
q,6040
q,7947
p,7207
p,4620
q,2579
p,5749
q,5988
p,8037
q,1175
q,9705
p,9378
p,4315
q,1934
p,5508
q,595
p,3142
p,6437
p,2205
p,989
p,7100
p,9794
q,1457
q,3624
q,6406
p,5382
p,360
p,6323
q,1028
p,1104
q,4584
q,9176
q,4766
q,8226
p,2808
q,2400
q,3799
p,8338
p,1615
p,879
p,3446
q,671
q,1336
q,617
p,3267
p,5559
q,1208
p,5654
q,2438
q,5723
q,5526
p,2892
p,6838
q,3272
p,8107
p,8954
q,555
p,156
q,7613
q,9653
p,5300
p,9529
q,2981
p,4230
p,1489
q,4563
q,9485
q,2374
q,4576
q,8510
p,5955
q,9215
p,1147
q,9686
q,2449
q,4060
q,9581
p,3355
p,1839
q,4843
p,7231
p,5432
p,6266
q,1337
q,4620
p,9278
q,3512
q,4522
q,8081
q,2792
q,517
p,860
q,2203
p,9454
p,3185
q,7017
p,4474
p,4801
q,4895
q,928
q,6628
q,9061
p,6733
q,8007
p,3608
q,7582
q,8106
q,6625
p,6993
p,2650
p,3233
p,7392
q,3547
q,7789
p,3510
q,3460
p,588
p,4979
q,896
q,6650
p,9972
q,4348
q,8132
p,7252
p,8628
p,2026
q,8234
q,4324
q,9259
p,4942
q,5987
p,7995
q,4003
q,109
q,2848
p,6133
q,8966
q,9862
q,9999
q,8419
q,9237
q,9115
q,559
q,4803
q,599
p,7439
p,9820
q,658
q,7076
q,4686
p,3540
q,8337
q,4302
q,2030
p,5382
p,2527
p,4370
q,2238
q,1150
q,9082
p,7985
p,2599
p,9873
p,6245
q,2302
p,3532
p,7663
q,9458
q,2049
p,9015
p,7628
q,4208
p,5472
q,1860
p,6943
p,907
q,6121
p,3620
p,8373
p,5297
q,7449
q,9480
q,8499
p,8059
p,6851
q,5151
p,2923
q,4059
p,4831
q,9706
q,9962
q,7239
q,7797
p,9436
q,2247
p,3585
q,8874
q,2720
p,8388
p,7385
q,5221
p,2649
p,3787
q,7730
q,2526
p,9298
q,1846
p,3639
p,5266
p,2865
p,636
q,4837
q,9574
q,2791
q,5807
q,4486
p,7452
p,2181
p,9291
p,5856
q,4908
p,4493
q,3717
q,7031
q,1224
p,161
q,8350
q,3706
p,412
q,3215
p,9396
q,5648
p,8408
q,8926
q,9145
p,9674
q,9550
q,5238
q,8884
p,9027
q,2713
p,6890
q,8627
p,9353
p,8103
p,6526
p,6815
q,2995
q,9499
q,7890
p,3534
q,5175
q,1900
q,6721
q,6648
p,8669
p,3649
p,8236
p,6613
p,9563
q,8834
q,7573
q,6511
p,6987
q,197
q,1703
p,8434
q,196
p,1402
q,2807
p,8650
p,9442
q,7026
q,8301
p,9651
p,362
p,4253
q,2517
q,596
q,228
q,438
p,4635
p,4453
p,1739
p,4155
p,5943
q,309
q,7386
p,9249
p,3536
p,6304
q,4348
q,7699
p,5123
q,4933
q,254
p,2537
q,4738
p,3774
q,2122
p,5039
p,4008
p,7844
q,7670
p,4706
q,3537
q,5540
p,9680
p,9427
p,1308
q,2842
q,344
p,8105
q,297
p,8675
q,7585
q,1024
q,8751
q,6479
p,803
p,2981
q,5252
p,5994
p,572
q,4568
q,9537
q,2058
p,6896
q,8181
p,7093
p,4366
q,3279
p,6414
p,9341
q,6851
q,6080
q,2128
q,8783
q,6427
q,5950
q,3141
q,7582
p,8947
p,7374
q,978
q,3701
p,8301
q,5569
p,5294
p,6887
p,8593
q,6996
q,1825
p,7696
p,2847
q,9174
p,6877
q,333
p,2068
q,1924
q,2007
p,6798
p,3102
q,5220
p,9435
p,3498
p,8492
p,1366
q,4169
p,7836
q,8760
p,2383
q,5419
p,3520
p,8925
p,537
q,7490
p,2832
q,9732
p,2696
q,2253
q,1633
q,9224
q,7492
q,6945
p,3141
q,1634
q,8113
p,5277
q,9465
q,8050
q,851
q,3837
q,7164
q,5718
q,2655
p,3342
p,6954
q,3502
p,3967
q,2205
q,2650
q,7987
p,2929
p,3347
q,4098
p,2197
q,3395
q,9183
q,6937
q,2304
q,1508
p,6032
q,1628
p,9042
q,7340
q,5660
p,362
q,392
p,966
p,5668
p,4498
q,2726
q,2354
p,5681
p,7183
q,4422
q,8745
p,6669
q,5627
p,2793
q,1646
p,3633
q,2187
q,5538
q,1129
q,8945
q,5530
p,4423
p,4204
p,4283
p,2755
p,8246
p,7985
p,1445
p,5897
q,5748
q,4387
q,910
p,1718
p,2405
p,8173
p,8368
p,2738
p,4036
q,1292
p,3130
q,4534
p,2890
p,2713
q,3419
q,9234
p,2056
p,1517
p,2780
q,1575
p,6274
p,579
p,2496
p,5474
p,8651
q,1070
q,9251
p,6706
q,859
p,6869
q,3170
p,3448
q,2642
p,4370
q,7855
q,5492
p,596
p,3856
p,9822
p,9331
p,5215
q,652
q,2737
p,5217
p,3043
p,5332
q,4112
p,4172
q,9629
q,7962
q,1661
q,976
p,2353
q,5331
q,7460
q,4077
p,9930
q,9487
p,5824
p,5960
q,2805
p,7870
p,7007
p,8745
p,8989
p,2142
p,6040
q,4945
q,4130
q,420
q,5481
q,667
p,2348
q,3259
q,6304
q,7980
p,5009
p,5711
q,6458
q,5469
p,6554
q,1073
q,796
p,4659
p,7250
p,3348
p,8235
q,2439
q,7253
p,3878
q,166
q,8220
q,3747
q,1704
q,3130
p,2694
q,3423
q,2732
q,9719
q,8791
q,730
q,710
q,6409
q,9171
q,1736
q,3947
p,5786
q,6859
q,2140
p,7734
p,8297
p,5200
p,246
p,6866
q,6069
q,973
q,4431
p,9098
p,2898
p,7039
q,8711
q,7153
p,3312
q,8669
q,9140
q,2687
q,831
p,5880
q,6445
p,1204
p,1478
p,3005
p,289
p,8058
p,2399
q,7195
q,2569
p,3100
q,8243
q,9938
q,1246
p,7380
p,7330
q,5476
p,3252
q,8361
q,7483
p,1944
q,4242
p,7126
q,2067
q,1336
p,6411
q,1075
q,7640
p,8988
q,2665
p,2411
p,1103
p,2281
q,3739
p,1184
p,1724
q,3671
p,6991
p,406
p,3981
q,421
p,2079
p,6675
q,51
p,4488
p,5300
p,9201
q,1893
q,3925
p,4266
p,6262
q,3938
p,4075
q,812
q,8255
q,3797
q,9841
p,5609
p,2923
p,1273
q,278
q,3826
p,2585
p,6814
q,6391
q,7635
p,6308
q,6330
q,518
p,2348
q,9684
q,665
p,311
p,1434
q,6774
q,6776
q,3777
p,6335
q,8178
q,4769
q,9472
q,4041
p,4851
p,5808
q,4670
q,4233
q,7179
q,5646
q,3899
p,8460
p,4948
p,623
p,2065
p,4306
q,7108
p,5515
p,304
p,3269
q,9943
p,574
q,7954
q,9680
p,2697
p,9846
q,3486
q,8662
p,4784
q,9616
q,3895
q,7530
q,7073
q,7514
p,2781
p,3807
q,2784
p,4206
p,1252
q,983
q,1829
q,4923
q,2121
p,38
p,9647
q,9959
q,1339
q,1622
p,9914
p,4392
q,39
q,6994
q,3706
p,2486
p,29
q,1733
q,9609
q,2109
p,3474
p,6230
q,5142
q,493
q,831
q,2469
q,8564
p,9796
q,5640
q,4942
q,6901
p,4657
p,2021
q,7421
p,7175
q,1350
p,6739
q,2678
p,8561
q,5122
q,2765
q,6610
p,8974
q,6089
p,9977
q,5824
q,8718
q,8274
q,8798
q,7247
p,3928
q,5678
q,9135
p,3538
p,6781
q,1624
p,7461
p,3226
q,1161
q,868
q,4940
q,5020
q,7054
q,1215
q,8817
p,4798
p,9790
q,8145
q,6270
q,8895
p,6786
p,4954
p,175
q,8233
q,4212
q,4874
q,2813
q,4833
q,2552
p,2123
q,3928
q,4506
q,5665
q,7077
p,1103
p,8926
q,3595
q,4581
p,3793
p,3921
q,1680
p,530
p,3468
q,5746
q,1778
p,2412
q,357
p,8297
q,6775
p,9207
p,2958
p,3416
p,9799
q,4973
q,8171
q,4196
q,1877
q,4823
p,7220
q,1567
p,5147
q,6061
q,7330
p,8878
p,1623
p,4819
q,8799
q,670
p,1026
p,4922
q,5134
p,6605
p,3347
q,4785
q,2258
q,9801
p,6147
q,5592
p,5727
p,3694
q,5399
p,3425
p,92
q,9643
p,9397
q,9538
p,7566
q,7376
q,8882
q,5048
p,4738
q,7847
q,7426
q,1128
q,7960
p,1257
q,913
q,2971
q,5123
p,8432
q,1831
q,474
p,8153
p,3669
p,1749
p,9163
p,3159
q,2034
p,7347
p,8676
q,6271
q,7379
p,3965
p,2202
q,5068
q,6217
p,2794
p,745
p,9342
q,1172
p,3913
q,7130
p,7024
p,9161
q,2688
p,7729
q,8022
p,16
q,2915
q,2941
p,5328
q,5265
q,1390
p,189
p,9556
q,9063
q,5780
q,5355
q,4305
q,9996
p,4523
p,6279
p,2768
p,2920
q,9675
q,8179
q,1599
q,7511
q,1146
q,6674
p,5165
q,7234
q,940
q,224
q,4640
p,5363
p,6705
p,330
q,8441
p,4119
p,4042
p,8415
q,8769
p,262
p,2934
q,1653
p,4180
p,6866
p,9078
p,8904
q,2801
q,5295
p,1687
q,5511
q,2549
q,1152
p,5550
q,3527
q,1135
p,5014
p,4802
p,3244
p,6371
q,2949
p,7063
p,4838
q,9261
p,7929
q,6230
q,2825
q,1056
q,3886
q,3182
p,6396
p,3428
p,3747
p,7101
q,4698
q,779
q,7334
q,8090
q,5083
p,2103
p,5972
q,4032
q,2875
q,9762
q,7137
p,1128
p,2312
q,3814
q,762
p,9364
p,147
q,7581
p,1773
q,7734
q,873
q,203
q,6594
p,7752
p,6076
p,3747
q,9872
p,9680
p,7148
q,399
p,8063
p,1429
q,2618
q,5381
p,296
p,8705
p,2739
p,6740
p,4953
p,897
q,2707
p,4533
q,6757
p,7773
p,5339
q,797
p,9471
q,4792
p,4080
q,8504
p,9585
p,4470
q,151
q,7347
p,8033
q,3088
p,7351
p,4352
p,6148
q,4738
q,9284
p,8722
q,7905
p,94
q,3575
p,8954
q,3457
q,1801
q,9531
q,4569
p,2913
q,6484
q,7259
q,4316
q,5199
p,1265
q,888
p,9978
p,8180
p,4317
p,6416
p,2165
p,4264
q,4308
p,1091
p,2795
q,3842
q,5001
p,3252
p,6099
q,9621
p,1018
p,7986
q,258
p,3746
p,9325
p,9478
p,7911
p,2823
q,3540
p,1545
p,6349
q,5739
q,6893
q,8887
q,7037
p,5809
p,1295
p,6459
q,6480
p,8661
q,7869
q,4429
p,1987
q,4976
p,4943
q,9468
q,7960
q,4964
p,3177
p,1046
q,4419
p,1501
p,9826
q,7183
q,2267
p,1825
q,8479
q,1522
q,1250
q,8976
p,9357
q,6101
p,2234
q,8280
q,5705
p,9917
p,8409
p,9335
p,7004
q,8634
q,6941
p,8468
p,1845
p,4043
q,9175
q,3604
q,4080
q,1673
q,1629
p,7996
q,9028
p,9886
p,9856
p,8421
q,501
q,7671
q,879
p,3809
p,824
q,9593
p,2749
q,4766
p,1200
p,5052
q,9531
q,1346
p,2597
p,4884
p,3924
q,9163
q,47
q,1064
q,4653
p,7997
q,9583
p,3704
q,9062
p,2705
p,1886
p,2508
p,2376
q,8715
p,1827
q,7154
q,9823
q,9762
q,5556
q,9070
q,6496
q,4497
p,5144
p,4535
p,4894
p,8915
p,775
p,2778
p,4508
q,723
q,1848
q,284
q,1615
p,7532
q,50
q,7865
p,8251
q,4513
q,5090
q,94
p,2726
p,8359
q,2453
q,920
q,3284
p,797
p,2906
q,7371
q,7904
q,2065
p,4377
p,4428
q,6969
q,1305
q,2955
q,2107
q,950
q,4550
q,4116
p,9800
q,1273
p,5188
p,593
p,3411
q,3738
p,3391
p,1988
p,4932
q,9146
q,8561
p,123
p,5978
q,9949
q,3417
p,6285
p,8956
q,9382
p,3042
q,5993
p,6937
q,7272
q,7310
p,9997
q,4901
q,7294
p,9365
p,9537
q,2350
q,683
q,9361
q,3042
q,6675
q,5850
p,7918
p,9741
p,422
q,9341
q,4453
p,8017
q,227
p,8784
p,7419
q,1139
p,6553
q,4489
p,2244
q,370
p,8684
q,1284
p,8111
q,8933
p,1468
p,5733
q,55
q,1532
p,821
q,1072
q,9716
p,9632
p,2474
q,905
p,8577
p,9263
q,6070
p,4984
p,4861
q,2017
p,831
q,72
q,3764
q,7977
q,7282
q,2415
q,2977
q,9465
q,1260
q,3740
q,9440
p,5992
q,8437
p,4506
p,9360
p,707
p,7613
p,682
p,114
q,8967
p,333
q,694
q,6221
p,7883
q,5860
p,4148
p,4973
q,1634
p,1979
q,8360
p,7690
p,825
q,1784
q,1073
p,8076
p,2701
p,7075
p,4359
p,3206
q,7045
p,2358
p,3655
p,6972
q,5076
q,6710
p,7734
q,1036
q,5094
p,6310
q,7798
q,2542
p,9729
q,9744
p,3317
q,6050
q,4870
q,7672
p,4256
q,7903
p,1801
p,9115
p,8750
q,7527
p,5232
p,3287
p,5429
p,4220
p,1134
p,7050
q,6273
q,8555
p,9805
q,8071
p,7530
q,6407
q,1778
q,6211
q,5674
q,7034
q,1927
p,2516
q,103
p,4670
q,5313
q,3315
p,9677
p,2253
q,7375
p,5005
p,1611
q,7990
p,2930
q,3222
q,1167
q,3190
p,2899
p,1832
p,2135
p,1909
q,8062
q,1378
q,4935
q,7565
q,2575
p,6181
p,4703
q,7633
p,5973
q,3584
q,5295
q,2809
p,2978
p,5767
p,5631
q,5137
p,9598
q,3994
q,3626
q,7569
p,5022
p,3615
p,4132
q,459
p,491
p,8864
p,1775
q,8109
q,2682
q,852
p,3639
q,610
p,9242
q,2608
q,7421
q,3315
p,6555
q,1142
q,245
p,6865
q,6852
q,1464
q,8036
q,2867
q,2785
p,1498
p,6303
p,7397
q,5512
p,5932
p,7612
p,3853
q,8099
p,103
p,5482
q,6158
q,9505
p,1651
q,1021
p,6972
p,1731
q,8390
p,5913
p,6244
q,4119
p,7437
q,1734
p,8546
q,840
q,6987
q,5422
q,9493
p,4433
q,7326
q,3952
q,7095
q,2862
p,89
p,5999
q,8965
q,3169
p,7466
p,5914
p,8041
p,2877
q,5930
q,1901
p,846
p,4792
p,7518
q,4233
p,4917
p,6837
p,3896
p,1798
q,5716
p,5060
p,5911
q,7459
q,427
p,2170
q,9277
q,3574
p,8546
q,350
q,4782
p,7465
q,8332
p,5075
p,355
q,6774
q,2372
p,42
q,782
p,8684
q,7187
q,9631
q,3741
q,4245
p,8589
q,1729
q,656
q,9648
q,217
q,5143
p,8608
p,7116
q,4000
q,2378
p,3624
q,9671
q,1220
p,1017
q,8195
p,2189
q,9821
p,3850
q,9620
q,4807
p,5311
p,9059
q,4418
q,6948
p,5563
q,9229
q,1161
p,5875
q,9619
p,7053
p,9071
p,8917
p,2496
p,1172
q,8423
p,1230
q,4958
p,7572
p,9256
p,5883
p,5724
p,2825
p,59
q,3424
q,2667
p,7875
q,6020
q,297
q,1074
p,6970
p,669
q,1218
p,7057
p,5301
q,2614
q,7671
p,590
q,9958
p,9316
p,9626
p,722
p,2833
p,2149
q,8951
q,4439
q,640
q,8274
q,7032
q,3855
q,9435
p,4295
q,429
q,8482
p,8046
p,2504
p,9467
q,6861
p,8083
q,4845
p,519
q,8647
p,3225
p,7001
p,2941
q,5009
q,6968
q,1526
p,248
q,6192
p,4825
p,1332
q,7093
p,4257
q,2201
p,2606
p,2478
p,8060
p,1455
p,7329
p,5105
p,8670
q,8975
q,3003
p,3345
q,3291
p,6308
q,7778
p,7496
p,3307
p,8655
p,6793
p,2882
p,3196
p,6233
p,1311
p,8741
q,4489
q,7239
p,8677
p,5394
q,8356
q,3277
p,9999
p,4204
q,7687
p,5214
p,9574
p,2932
q,9141
p,5482
q,6408
q,8798
q,970
p,4886
p,313
q,5292
p,1364
p,9835
p,9622
q,508
p,2508
q,8653
p,8649
q,2123
q,7186
q,9036
p,22
p,7613
p,9284
p,5064
q,7682
q,6277
p,6291
q,8432
p,1046
p,4726
p,8734
p,6029
p,9328
p,6575
q,2407
q,9396
p,3866
q,832
p,951
p,6957
q,959
p,2142
q,250
p,5105
q,8524
q,9037
p,1018
q,4946
p,8877
p,459
p,7222
q,2230
q,8126
p,2208
q,9129
p,5846
p,3267
p,7102
q,8276
q,7230
p,1918
q,6401
p,6112
p,5036
p,6696
q,4391
q,1226
q,6009
p,1351
p,5059
q,798
p,7929
p,9877
p,5164
p,2340
q,1239
p,122
q,1475
q,733
q,2107
p,8026
q,3858
q,6936
q,3168
q,8310
p,8709
p,1673
p,7792
q,2031
p,2601
p,7853
p,5454
p,4111
q,851
p,7194
p,6151
p,3723
p,1792
p,3998
q,3172
p,8529
p,9646
p,3406
q,1933
q,8476
q,2527
q,8885
p,9229
q,1296
q,3444
q,1782
p,8047
p,7898
q,4267
p,6275
p,1122
p,2749
q,1483
q,7236
q,7625
q,8145
p,3967
p,4235
p,3194
p,4892
p,4503
q,7425
p,2832
p,9976
p,9786
p,5078
p,4008
p,7590
p,2195
q,208
q,6806
q,6802
p,9700
p,1848
p,7656
p,4984
p,7762
q,4161
p,510
p,9973
p,5731
p,9443
p,9127
q,3871
q,3622
q,3519
p,2318
q,859
p,4740
q,8873
q,1137
q,319
p,9357
q,8103
q,5944
p,8072
q,4915
q,9057
q,6132
p,2698
q,9212
q,129
p,2965
p,2677
q,1277
q,121
q,8963
q,9716
p,7088
p,7068
q,152
p,1369
q,2601
q,9769
q,7931
p,8834
q,5691
q,9626
p,4944
q,5097
q,802
q,7532
q,3662
q,268
p,7981
p,3473
q,7220
q,9774
p,5028
q,9194
q,9772
q,5702
q,8370
p,3593
q,2560
q,5510
p,3437
p,9216
p,9702
q,4519
p,5967
p,5173
q,2878
p,107
q,3606
q,1768
q,4266
q,3973
p,4901
p,8066
p,4954
p,2276
q,732
q,9007
p,13
p,6445
q,185
p,8045
q,6457
q,4814
q,7449
p,1914
q,7905
q,4048
p,6843
q,4741
p,4159
q,5604
q,3445
q,6289
q,1000
q,4156
p,9751
p,9825
p,4074
q,1888
q,426
p,4591
q,8006
p,3128
p,1901
p,5646
p,8711
q,4962
p,725
q,9435
q,3323
q,2858
p,8276
p,6878
q,9204
p,6490
q,1964
q,848
q,5886
q,9709
p,6697
q,2388
p,6741
q,8055
p,4127
q,3204
q,686
p,8
q,4274
p,2772
p,6310
q,9236
p,3097
p,3013
q,1789
p,3973
p,7794
p,7292
q,7896
p,3022
q,4330
p,2895
p,5288
p,4542
q,3477
q,1283
p,3282
p,9307
q,3232
p,1419
p,393
p,4971
p,8636
p,6388
p,7137
p,5461
p,5133
q,1103
q,4657
p,7586
p,6199
p,9958
q,38
p,5143
q,244
p,6696
p,9215
q,6475
q,418
p,962
p,3132
p,8114
p,949
p,5049
p,7083
p,5135
q,8049
p,4098
p,196
q,1105
q,1188
p,7172
q,1867
p,1101
q,1557
p,4250
q,2861
q,4137
q,3909
q,6933
p,4066
q,8060
q,770
q,32
p,825
p,6069
q,6842
p,3606
q,8657
q,8412
p,1456
q,4528
q,9397
q,694
q,5796
p,2283
p,5911
p,3514
q,9367
p,2634
p,3598
p,3886
q,6853
q,7814
p,4091
q,8553
p,1636
p,7435
p,475
q,1237
p,443
q,2436
p,9723
p,9001
p,5813
q,6171
p,3695
p,960
p,4343
q,5146
q,8434
p,3466
q,9169
q,6239
p,1984
q,5507
p,5704
q,2769
p,6738
p,4931
p,9547
q,6849
q,5322
q,7198
q,2173
q,2540
p,6418
q,8862
q,5026
q,6336
q,5321
q,4698
p,6305
q,7489
q,5384
q,5508
q,9716
p,9653
q,6732
q,8202
p,2116
p,3747
p,4421
p,1534
p,1207
p,2157
q,2132
p,7226
q,2425
q,7755
q,295
q,669
q,8375
p,4722
q,7240
q,3380
p,6167
q,7544
p,9785
p,562
p,7538
q,6876
q,1428
p,7638
q,5483
q,2941
q,6954
q,8032
q,5895
q,3500
p,5979
q,6603
p,2080
q,6927
q,2993
q,4825
q,8104
p,2815
q,4830
q,8142
p,74
q,3965
q,7516
p,7268
p,3257
p,7420
p,4877
p,7444
q,2141
p,4579
p,8924
p,4572
p,9493
q,848
p,2931
p,2721
q,5623
q,7157
p,1240
q,881
p,2615
q,2856
q,2598
p,5977
q,4680
q,8705
p,4424
p,1856
p,3011
q,7977
q,9610
q,3132
p,4308
p,507
q,4447
p,3229
q,1447
p,4902
p,8674
q,971
q,7777
q,3285
q,4950
p,2535
q,3781
q,3297
q,4363
q,8680
q,7316
q,659
q,1724
p,971
p,8918
q,6174
q,2198
p,4132
p,3070
p,1336
q,8507
p,350
q,7690
q,8705
q,809
q,9242
q,4387
q,5707
p,4849
q,6177
q,9040
p,650
p,313
q,6740
q,2743
q,2653
p,5245
p,5267
q,8548
p,6792
q,8359
q,1668
q,4833
p,7462
q,5912
q,2538
p,1960
q,8681
q,9102
p,2528
q,7974
p,118
p,1069
q,5737
p,9602
q,5361
p,3092
q,2512
q,4267
q,2379
p,7069
q,6195
q,7965
p,8304
q,2314
q,7124
q,4751
q,6101
p,3305
p,4920
p,2690
q,1879
q,7171
p,9225
p,7982
q,7609
p,9864
q,5478
q,5385
q,2349
q,592
p,9514
q,6253
q,2541
p,3737
p,6386
p,2876
p,670
q,2826
q,3391
q,5051
p,1600
q,3503
p,4633
p,7851
p,1130
p,8001
q,2698
p,9499
p,2552
q,9135
q,150
p,5099
q,754
p,1627
q,7646
q,8894
q,8056
q,9845
q,8372
p,9001
p,7825
p,1561
q,648
q,1511
q,2711
p,4363
q,3378
p,6686
p,6659
q,1258
p,3103
p,7440
p,6711
q,524
p,3607
p,6894
p,9811
p,1125
p,4274
p,1115
q,824
q,2045
q,3305
q,5509
q,225
p,8583
p,7955
p,3494
q,7513
p,9772
q,4981
p,8194
q,7993
p,4611
q,7615
q,7060
p,5118
p,9285
q,7524
p,8029
q,6023
p,2075
q,8670
p,4334
q,4113
q,4338
q,2960
q,1920
p,5472
p,7378
p,9661
q,3212
q,946
q,9205
q,7676
q,4574
p,9688
p,8933
q,128
p,5896
p,3026
q,9745
q,1885
p,2575
q,4541
q,1702
p,3482
q,9037
p,2886
p,7150
q,2266
q,7175
q,9902
p,6486
q,431
q,6616
p,449
p,2404
q,5161
q,9520
p,1900
p,411
q,1347
q,5173
p,4694
p,8415
p,530
q,585
p,7597
p,4323
q,1252
p,5439
q,6633
q,7538
p,6424
p,1764
q,8764
q,3482
q,1771
q,4008
q,7326
p,5870
p,9798
p,5299
q,8638
q,1023
q,6813
p,9333
p,2069
p,1397
q,447
p,2004
p,5013
p,3403
q,8329
q,3356
p,4467
q,8666
q,5674
q,9967
p,7126
q,7566
p,2554
p,7938
p,4126
p,5142
q,6533
q,1080
p,3479
q,4858
q,1797
q,9213
p,7059
p,339
p,8008
q,3545
p,5655
q,4877
q,3201
p,6081
q,4401
q,1871
q,6679
q,3877
p,7505
q,7064
p,16
p,6530
p,9531
p,3950
p,4186
p,8590
q,820
q,5240
q,7870
q,3105
p,5461
q,5051
p,2484
q,2205
p,4675
q,6941
q,3389
q,2671
p,8104
q,1075
q,4070
q,1349
p,4870
q,1472
p,707
q,7434
p,8024
p,8370
q,3751
q,8097
p,4520
p,8169
p,995
q,602
q,7591
q,2323
q,3989
q,243
q,1519
p,3091
q,8915
p,8621
q,3343
q,9171
q,5415
p,4839
q,851
p,2074
q,3545
q,2671
p,7261
q,4903
p,6127
q,295
q,2673
p,6671
p,2057
q,5486
p,6841
q,6504
p,2366
q,841
q,9349
q,2010
q,3084
p,384
q,8442
q,5938
q,8052
p,7810
q,8392
p,3797
p,5575
q,9636
q,8352
p,2387
p,4351
p,3750
p,9536
p,3121
p,9937
q,9711
q,4261
q,7630
q,4249
p,6566
q,1441
p,2094
p,5491
q,4610
p,788
q,1865
p,4144
q,2820
q,2188
p,4793
p,8995
p,5068
q,9879
p,2037
q,7492
p,4578
p,1538
p,8371
p,9837
q,9626
q,6542
p,7410
q,7264
p,8846
q,4070
q,4990
q,4260
p,8957
q,6882
p,9135
p,1564
q,9386
p,6528
p,7529
q,5364
p,6856
q,5602
q,587
q,546
p,6243
p,4075
p,3650
p,3518
q,342
p,6508
p,3187
q,7287
p,4147
p,5040
q,3007
p,9227
q,2545
p,6814
q,1118
p,1456
p,5538
p,1658
q,2432
p,487
q,9304
q,9783
p,8778
p,2612
p,5077
q,1708
p,1100
q,8316
p,8557
p,8615
q,4026
q,3008
p,2585
p,6056
q,9690
q,748
p,794
q,3737
q,8291
q,2749
p,6827
q,7450
q,6432
p,3978
q,8189
q,5782
q,1944
q,8692
p,2898
p,2239
q,7851
p,6147
p,3204
p,5781
q,8954
p,2556
q,4793
p,8685
p,2519
q,9533
q,5381
q,2548
p,7312
q,5526
p,7238
p,892
q,2800
p,3403
p,5207
q,6781
q,4392
q,7859
p,3373
p,8854
q,4724
p,7650
p,5061
q,2957
p,3462
q,3252
p,1575
p,6794
p,2681
q,9118
p,891
q,5124
q,5616
q,6382
p,976
q,3565
q,8352
p,9498
q,697
p,2572
q,9825
p,6486
q,7712
q,7502
q,1817
q,1290
q,6038
q,1382
p,9657
q,6287
p,6677
q,7101
q,7216
q,3803
q,572
q,609
q,4820
p,5377
p,3849
p,6765
p,9604
p,2088
q,1350
p,7569
p,1102
q,5974
p,6862
p,6824
p,6739
q,8134
q,695
q,1132
q,9427
q,2666
p,2106
q,3282
q,9471
p,8276
q,811
q,6022
q,4535
q,5596
q,8048
q,3136
p,7780
q,8874
q,2935
p,5159
p,5345
q,6402
p,763
p,915
p,1228
q,9193
q,2685
p,4710
q,5685
q,4851
p,9492
q,7609
p,7396
p,2701
q,457
q,227
q,5861
p,1653
p,6957
p,5174
q,77
p,5676
p,3023
q,5611
q,6423
p,3479
q,8185
q,624
p,3552
q,4356
q,5415
q,1518
q,6142
q,4133
p,8995
p,3248
p,2884
q,851
q,7888
p,8609
q,6695
p,4880
p,7125
p,4304
q,8917
q,3082
q,260
p,1732
q,2403
p,5379
q,7950
p,843
p,6834
p,496
p,4638
q,602
p,6054
p,6809
p,3609
p,8091
q,2785
p,5629
p,3800
q,8496
p,8764
q,3473
p,866
p,2209
q,9425
p,9644
q,9935
p,3253
q,9397
q,9637
p,7902
p,4281
q,2253
p,7960
q,4875
q,5792
q,658
q,4892
p,8796
p,8482
q,6207
p,309
p,7030
p,478
p,264
p,5481
q,3881
q,3131
p,1374
q,5259
q,7229
p,3709
q,5862
p,6642
q,5700
p,7024
q,584
q,5457
q,7257
q,7051
q,1309
p,3409
q,1450
p,6899
p,9201
q,6444
q,6942
q,8261
q,7863
q,2139
p,9123
q,2487
p,6702
q,5894
p,9854
p,4117
p,9320
q,4409
q,3830
q,9198
p,1457
q,8465
q,7052
q,6544
p,640
q,9873
q,1666
q,1955
q,5715
q,2229
q,4254
p,7833
p,2098
p,3980
p,1522
q,9378
p,3679
q,1616
q,2484
p,8297
q,1260
p,9531
q,6339
q,1937
p,2495
q,4384
q,5260
q,3737
p,7161
p,9976
p,1939
p,7115
p,6602
q,6224
q,7553
p,2709
q,9387
p,9023
q,9339
q,9162
q,8968
p,4882
q,6952
p,1374
q,671
p,9657
p,1573
p,5891
p,9637
q,7866
p,7925
q,8979
p,4465
q,8835
p,5222
p,9579
q,8073
q,7150
p,2391
p,3635
q,9310
p,5006
q,4394
q,3788
q,4136
q,5055
q,441
q,1016
p,1479
p,5299
q,754
p,2069
p,984
q,1291
q,6941
q,4598
p,1946
q,7147
q,8878
q,6491
q,3398
q,2246
q,1102
q,3319
p,2830
q,8141
q,1942
q,8257
p,5310
p,6177
p,6327
q,9344
q,1509
q,6278
p,3125
p,7301
q,5599
q,3285
q,8369
p,8812
p,6094
p,5777
q,5690
p,2916
q,8206
q,2325
p,1267
p,231
q,2243
q,6610
p,3443
p,3551
p,6720
p,6039
p,9296
p,9098
q,5795
q,9698
q,9915
p,2124
p,6452
p,457
p,7133
p,5622
q,3684
q,5224
q,3403
q,1300
q,5447
p,5687
p,8075
q,2994
q,2388
q,4536
p,111
p,7443
p,8479
q,4653
p,5878
p,3334
q,477
q,3948
q,1715
p,8593
q,1296
p,9328
p,8201
q,1331
p,3543
p,4599
p,9343
q,262
p,7474
q,8141
p,8805
p,1567
p,6639
p,7241
p,9309
p,5036
p,6744
q,5488
q,8050
p,3954
q,2817
p,179
q,4920
p,8826
p,427
p,918
p,1161
q,5977
p,3324
q,4595
q,3473
q,8078
p,3340
p,215
q,681
q,7832
q,6383
q,1852
p,1990
q,734
q,2571
q,7133
p,4986
q,6185
q,8147
q,7652
q,262
p,6340
p,7564
q,6991
q,6108
p,7484
q,9903
q,4658
q,641
q,5610
q,2903
p,4047
p,1596
p,363
p,8873
q,4044
p,8941
p,8372
p,7008
p,8909
q,8812
q,4132
p,2535
q,1950
p,1971
p,8417
p,7578
p,2837
q,8072
p,613
q,1664
q,5874
q,2849
q,1762
p,7133
p,5936
q,5623
q,1793
p,7438
q,4759
q,3007
p,2431
p,6115
q,7824
p,4069
p,7581
p,6886
q,1239
p,6373
q,4284
q,5329
p,8818
p,5610
p,9351
q,7974
q,8891
q,5271
q,4001
p,7285
q,3047
q,8269
q,7785
p,1837
p,7198
p,5285
p,8190
q,9705
p,1039
p,7677
p,3957
p,7046
p,6907
p,20
q,1103
p,7414
p,8064
p,9251
q,4929
q,8286
p,9999
p,8925
p,6559
q,2144
q,1000
q,9831
q,7946
p,5624
p,9061
p,5840
q,6408
q,3856
q,1508
p,4023
p,2495
q,1945
q,8171
p,607
q,3664
q,8213
q,5939
p,3736
q,2816
q,6576
p,3483
q,2894
q,7848
q,6417
p,3521
p,2271
q,7840
q,3114
q,8150
q,6983
q,7307
p,5196
p,1267
q,3746
q,6264
q,2979
p,3531
q,6610
p,5686
q,9654
p,8948
q,8622
q,203
q,7810
q,7791
q,2410
p,8143
q,7118
q,8519
p,8905
q,3900
q,5567
p,2103
p,2526
p,3431
q,5863
q,5909
q,9602
q,580
p,6882
q,1905
q,7669
p,4375
p,2091
p,4500
q,7935
q,7606
p,6513
q,4395
p,9755
q,5311
q,7783
q,6437
p,7068
p,1418
q,4828
p,7762
q,8750
q,5338
q,3349
p,7408
q,3396
q,4737
p,9578
q,7059
p,7492
q,3798
q,2872
q,4626
q,5171
q,7455
q,8756
p,4977
q,6266
q,2907
q,4186
p,3798
p,4293
p,4103
q,2941
p,5519
q,4617
p,6708
p,1887
q,3305
q,1519
q,6639
q,8886
p,586
p,9847
p,1123
q,83
p,1847
p,7781
p,1107
q,2086
p,3975
q,4851
p,8967
p,942
p,1540
p,3237
q,4683
q,2449
p,7109
p,4572
q,4815
q,4922
q,3684
p,586
q,8335
q,1538
p,960
p,4051
p,6428
p,104
q,7176
p,7433
q,5355
q,4273
q,5222
p,9426
p,1141
p,4326
q,8294
q,9581
p,117
q,9803
p,8916
p,733
q,2825
q,2543
p,7141
q,5245
p,4223
p,6247
p,3990
q,5949
p,175
p,410
q,9613
q,390
q,3075
q,4840
q,9325
p,9835
q,8391
q,308
q,9876
q,4081
q,4703
q,5893
q,9808
q,9164
p,5037
p,315
q,8335
p,2098
p,4791
p,3117
p,455
p,9950
q,6317
p,3727
q,4717
q,6006
p,8153
q,9994
q,5492
q,7765
q,6446
p,1956
p,5140
q,1574
p,4890
q,5814
q,5024
q,5530
q,1293
p,2971
q,3698
q,5372
q,7385
p,667
q,3352
q,6353
q,9945
q,2813
q,2615
p,633
q,4447
p,6977
p,9147
p,4769
q,6502
q,44
p,5479
p,6195
q,9831
p,1440
p,5432
q,5808
p,2313
q,8865
p,7831
q,169
q,4855
p,213
p,7224
p,489
q,384
p,1322
p,5776
q,380
p,8773
p,7016
q,1381
q,7903
p,562
q,2739
q,811
q,1043
q,746
p,127
q,9669
q,1329
q,7989
q,4329
p,5035
q,5077
p,6364
q,9781
p,3216
p,1208
p,5715
q,8279
q,4408
p,1911
p,9333
p,158
p,2136
p,8644
p,8576
p,1308
p,9964
p,5103
q,9118
q,5184
p,3402
q,1879
p,6637
p,4899
p,9462
q,5497
p,6845
p,4111
p,2208
p,4750
p,1088
p,2393
q,9616
q,6533
p,9940
p,6257
p,7265
q,8196
q,4508
p,9534
p,7954
q,7214
p,7080
p,5380
p,2258
p,6231
q,7763
p,8514
q,9830
q,1248
q,8375
p,6628
p,1762
q,5729
q,9256
p,6803
q,6084
p,1076
q,7542
q,2481
p,2576
p,6314
p,9532
p,6249
q,942
q,398
p,2901
q,8127
p,3790
p,2972
p,7093
q,8407
q,2912
q,6954
q,2571
q,9227
q,9407
p,5131
q,1658
p,3990
p,4799
p,159
q,5915
q,4892
q,1587
p,6578
p,1501
p,4363
p,4154
q,2588
p,4254
q,9282
p,469
q,4220
p,2456
p,8895
p,6232
p,9668
q,9931
p,6370
p,8991
p,657
q,7391
q,9539
p,1092
p,8471
q,5249
p,1362
q,1186
q,3378
p,3
p,681
p,1310
q,8325
p,1294
q,1918
q,7340
q,7805
p,6715
p,158
q,5213
q,6326
q,2601
p,472
q,4840
q,9903
q,1144
p,203
p,6494
q,5510
p,8400
q,6796
q,6486
q,7784
q,79
p,4165
p,7199
q,9159
q,8261
q,8103
p,5966
q,301
q,1633
q,4175
p,5374
p,9991
p,2122
q,6748
p,3946
q,1788
p,918
p,2486
q,4598
q,3741
q,367
p,4220
p,9272
p,4259
p,2366
q,1854
p,646
q,5391
p,8864
p,8464
q,5081
q,6996
q,3994
q,3856
q,7689
p,5905
p,2990
q,3947
q,5175
p,9677
q,8262
p,2938
p,6358
p,723
q,1380
p,7445
q,418
p,9881
q,928
q,8172
q,68
q,193
q,1734
q,7863
p,3809
p,8146
q,112
p,5780
q,4661
p,1609
p,6150
q,6561
q,9808
p,4085
q,5774
p,528
q,7533
p,8245
q,6099
p,9585
p,1146
q,2286
q,8646
q,1704
p,5291
p,5146
q,9595
p,4678
q,160
p,5889
q,4540
q,8572
p,1202
q,5935
p,6329
p,6431
q,2990
q,2967
p,7562
q,4679
q,6549
q,8850
p,7982
q,2632
q,2130
p,6363
p,33
q,3640
q,2167
q,8307
q,2351
p,4374
p,6563
p,3067
q,3778
q,3739
q,5225
q,6848
p,7820
p,8065
p,9575
q,2245
p,3385
p,6049
q,2886
p,974
p,56
q,4112
p,9372
p,4563
p,9490
q,3876
p,6338
p,317
p,5137
p,3428
q,9463
q,2749
q,5628
q,1688
q,1912
q,6759
q,1760
p,3163
q,4786
p,8324
p,5170
q,4275
p,813
p,2459
q,3695
q,65
p,7676
q,7582
q,8627
q,2335
q,3398
p,8388
q,3883
p,3158
p,6883
q,4672
q,3587
q,8120
p,5981
q,2886
p,3489
q,9955
q,5296
q,4978
p,9031
q,237
q,9614
p,7710
p,9106
q,7027
q,4279
q,491
p,3617
p,8792
p,1883
p,7762
q,439
q,3680
q,5648
p,8087
q,8984
p,2305
p,5378
q,3376
q,2109
p,3520
p,6268
q,6550
p,1406
p,7521
p,1521
p,5421
q,8379
q,8506
q,411
p,8085
q,6429
p,2233
p,8141
q,7652
p,9317
p,6750
p,7074
q,1090
p,8955
q,3641
p,1959
q,6697
p,1614
p,3680
q,3011
p,3400
q,3126
p,7219
q,4613
p,1982
q,8199
q,8541
q,915
p,8484
p,2423
q,8462
q,828
p,643
p,6175
q,3394
p,8621
q,9057
q,4700
p,40
p,494
q,674
q,2899
q,3096
q,4448
p,7160
p,9228
q,6651
p,5604
q,1183
p,8056
q,8459
q,5159
q,2246
q,9064
p,4462
p,1907
p,2093
p,4158
q,8213
q,1468
p,5046
p,2112
q,2972
q,7297
q,2314
q,5035
q,7755
p,1903
q,363
p,2084
p,933
p,7063
q,5084
p,2310
p,367
q,7926
p,8813
p,5123
q,8538
p,9950
p,4778
q,5357
q,3873
q,2509
q,2880
q,9672
p,1155
p,323
q,9054
p,6618
q,2544
p,6370
q,3184
p,3946
p,1981
p,7259
p,8904
p,5403
q,3585
p,3845
q,9848
q,1904
q,5679
q,465
q,778
q,4556
p,7500
p,8516
p,769
q,642
p,5005
q,6373
p,55
p,6416
p,8
p,872
p,8224
q,9984
q,3743
q,4073
p,3385
p,3655
q,356
p,1570
q,5009
q,5438
q,47
p,8156
q,9834
q,1735
q,7449
q,6819
q,9624
p,8295
p,6448
q,1881
q,3260
p,1784
p,642
p,9994
q,9678
q,6323
q,5248
p,1370
q,8214
q,2435
q,672
p,2273
q,9282
q,3597
p,7709
p,9486
p,7059
p,4342
p,9730
p,8818
p,3228
q,1
q,6446
p,4807
p,9563
p,8511
q,5371
q,8365
p,9336
q,8145
q,913
p,6958
p,6671
p,2644
q,1263
p,8444
p,4939
q,1248
q,1913
q,8456
q,9371
q,3488
q,1767
q,3385
q,1618
p,1092
q,4877
p,5184
p,6953
q,6298
q,4200
q,2642
p,5264
q,6715
p,4157
p,9634
q,6678
p,4045
q,4448
q,5574
q,5108
p,8266
p,4333
p,934
p,5262
q,3154
q,1224
p,4933
p,4385
q,5696
p,3458
q,7248
p,918
q,6819
p,2618
q,8414
q,5039
q,3634
q,9492
q,6217
p,6992
q,776
p,8314
q,1403
p,8763
q,3895
p,2534
q,6180
p,2199
q,5181
p,3601
q,8890
q,6438
q,276
q,5386
p,8328
p,7544
p,4275
p,4788
q,6573
p,4696
q,2987
p,109
q,4079
p,6413
p,9739
q,9624
p,7763
q,6512
p,2827
p,5689
p,1359
p,9599
p,9269
p,9953
p,3070
q,2016
q,1107
q,5080
q,3362
p,1713
q,8497
p,3183
p,6982
q,4546
p,3759
p,2223
q,715
p,4322
q,2295
q,498
p,6691
q,4471
p,7502
p,3905
p,1479
q,564
p,9972
p,4361
q,4264
q,9440
q,9854
q,811
q,7332
q,7553
p,6976
q,2053
q,1653
q,4329
q,5007
q,4321
q,147
q,9928
p,9401
p,971
q,282
q,4639
q,2249
q,335
q,538
q,8058
q,342
q,3756
q,6474
p,9332
p,7970
p,2156
q,5734
q,9626
q,6445
q,9197
q,4561
p,7015
q,3274
q,7790
p,3101
q,4375
p,960
q,1105
p,3824
q,7333
p,5043
q,2310
p,4486
p,4338
p,383
q,7327
p,4794
q,4039
q,5153
p,3800
p,2953
q,8921
p,881
q,3565
p,477
p,6538
p,2291
q,2538
p,2692
q,4578
q,1620
p,9119
q,4776
q,7587
q,6872
p,6543
q,7550
p,7277
p,2783
q,4828
p,8507
q,9963
p,4552
q,6384
q,357
p,1366
p,9461
q,8227
q,5840
q,8520
q,6388
p,3686
q,1486
q,9967
q,4726
p,7649
p,7194
p,2542
p,3056
p,9714
q,2433
q,7531
q,2698
q,5690
q,4788
q,3893
p,2106
p,2411
q,7687
q,702
p,379
p,8895
q,7211
p,8060
p,7281
p,2943
q,9398
q,9329
q,2522
p,8393
q,5288
p,8262
p,8798
p,9305
q,7755
q,3578
q,6142
q,9816
q,5711
p,2813
q,3585
p,1259
p,3952
p,3292
p,6727
q,113
q,6712
p,2841
q,8896
p,7248
p,6877
q,2852
p,4126
p,7951
p,3590
q,1144
p,8526
q,2436
p,1123
p,9381
q,8922
p,9628
p,6136
p,2019
q,1299
q,1847
p,399
p,6202
p,1632
p,7696
q,9606
p,1660
q,8581
q,6223
q,2446
q,4114
q,6759
q,5693
q,6935
p,7825
p,5282
q,9556
p,7963
q,2302
p,4655
q,2419
p,1172
q,2031
p,5257
p,2850
p,2285
p,2338
p,492
p,4061
p,8543
p,2828
p,5199
q,7898
p,5691
q,33
q,973
q,8899
q,5372
p,3495
q,9745
q,9512
q,2084
q,1124
p,4454
q,3558
q,8046
q,780
p,463
q,1082
q,473
q,1214
q,9894
q,1878
p,548
p,337
p,4319
p,1028
p,214
q,4516
q,4249
q,4632
p,2706
q,2446
q,9448
q,9731
q,3951
q,1697
p,4360
p,4736
q,8607
p,1763
q,1559
q,700
q,6809
p,944
p,7890
p,2368
q,187
p,3881
q,9003
q,8717
p,4599
q,2542
p,1740
p,8191
q,361
q,7457
p,9901
p,3201
p,4487
q,1099
q,8815
q,3505
q,1811
q,1480
q,4371
p,5201
q,7649
p,7696
q,6235
p,1498
p,534
q,8650
q,8977
p,2379
p,1018
p,7711
q,7814
q,7395
q,2924
q,9459
q,7489
q,7900
q,3143
p,5926
q,4916
q,6786
q,9453
p,5635
p,2091
p,5591
p,5297
p,2002
q,3681
q,3672
p,9988
q,5990
q,7308
q,4597
p,693
q,112
q,3119
q,7210
p,2755
q,6059
p,3561
p,3458
p,3661
p,201
p,3397
p,5415
q,7323
p,2787
q,3297
q,5703
q,3478
q,9802
p,7082
p,550
p,3318
q,9808
q,8028
p,8709
p,8737
p,2020
p,1676
q,5265
p,2891
q,4379
p,8394
p,7269
q,3367
q,664
p,4483
q,9383
q,5962
p,8069
p,7734
q,9804
q,4161
q,9587
q,9472
p,4541
q,6384
p,3015
p,9995
q,9162
p,3379
q,6727
q,8018
q,9973
q,4186
q,5778
p,1293
p,4447
p,1141
q,8661
q,7910
p,7911
q,5229
p,3154
p,2983
q,1495
p,8355
q,7473
q,5191
q,6941
q,2172
q,3610
q,2014
q,6755
p,8919
q,5298
q,2119
q,1141
q,6395
q,8434
p,3057
q,79
p,6270
q,7195
q,9949
p,7619
q,3018
q,9512
q,3501
q,2263
q,8478
q,8767
q,9074
p,5666
p,9463
q,2839
q,9043
q,388
p,4437
q,8029
p,9104
q,7058
q,6815
p,5035
p,279
q,8174
p,1957
q,6877
q,7529
q,9515
q,1398
q,5865
p,2089
p,6802
p,7760
q,9737
q,9925
p,2053
p,7315
p,9890
q,1970
p,1028
p,6915
q,5732
p,5393
q,6043
p,8200
p,4374
p,5196
p,9201
q,3984
p,8818
p,7953
q,1094
p,839
p,4914
q,9351
p,7987
q,8392
p,8549
p,3956
q,2771
p,9363
q,2924
p,111
q,3223
q,4234
q,8100
q,1525
q,2447
q,3927
p,5862
q,6822
p,5805
q,8873
p,7214
p,9023
q,9265
q,7050
q,4897
q,6255
q,6658
p,7919
q,8393
q,3058
q,3127
p,7408
p,1491
p,8423
q,8597
q,4589
q,329
p,1043
q,2526
q,7417
p,1065
q,7747
q,1296
q,6526
q,2217
q,4990
q,5075
q,3469
p,8361
q,7506
p,7221
p,8889
p,738
p,4775
p,5672
q,6392
p,4681
q,9930
p,6820
p,447
q,8479
p,4412
q,9116
p,4186
p,9637
p,2159
p,4588
q,9856
p,9191
p,934
q,5083
q,5694
q,8406
q,9044
q,7678
q,8670
q,6676
p,7973
q,6270
p,8212
p,3956
p,9088
p,7649
p,4464
p,4696
q,9581
p,7287
p,8892
q,1011
q,5203
p,9437
p,1859
p,6291
q,2630
p,2862
q,2292
p,1122
p,862
q,1998
q,9795
p,5144
p,4034
p,4691
q,2513
q,9538
q,2027
p,5870
p,8583
p,5157
q,900
q,3729
p,2074
q,4409
q,3149
q,9634
p,6126
p,8792
p,6489
q,9586
q,1220
p,2882
q,582
p,5630
p,3991
p,6527
p,2035
q,4820
q,4951
q,2983
q,8857
p,5944
q,4387
p,8233
q,52
p,8661
p,818
p,1215
q,5091
p,27
p,4701
p,1305
q,5687
p,536
p,6740
p,5781
p,7115
q,7930
p,5870
p,2948
p,8117
p,3091
p,5237
q,9133
q,1460
p,2000
p,5658
p,1269
q,8823
p,9280
p,3706
p,5609
q,5112
p,2889
q,6022
q,19
q,2473
q,8239
q,2849
p,3605
p,3605
q,1920
q,2086
q,2334
p,4203
p,1879
p,7845
p,2604
p,865
q,1720
p,7067
q,832
q,6352
p,9931
q,6916
p,5122
p,6897
q,5930
p,6428
p,8209
q,246
p,8133
q,5399
q,3976
q,8994
p,7127
q,936
q,5196
p,5624
p,4266
p,9690
p,5084
q,7812
p,5797
p,6621
p,8180
q,2940
q,860
q,5071
p,3712
q,8245
p,7952
p,6171
p,7772
p,313
q,9620
q,1719
p,3547
p,1300
p,7741
p,8093
q,1962
p,6189
q,8161
q,4040
q,760
p,3137
q,4308
p,1225
q,2760
q,5504
p,6183
q,6134
p,2901
p,3958
p,241
q,6503
q,1126
p,4565
q,2571
p,8504
p,5966
p,3232
p,375
q,6282
q,435
q,8497
p,2428
p,2462
p,7779
q,4467
q,3377
p,5486
q,1362
q,3940
p,1324
q,5395
p,1292
p,9894
p,2366
p,9036
q,9333
q,724
p,521
p,1489
p,1417
p,1629
p,1258
q,558
q,1660
q,2809
q,8668
q,469
q,2193
q,7956
p,7503
p,3268
p,4310
p,9158
p,9366
q,3212
q,5251
p,4619
p,7734
q,9386
p,5693
q,5342
q,464
p,3299
q,3206
p,7962
q,6803
p,1058
q,7117
p,1457
q,9213
q,5576
p,5763
p,8882
p,2672
p,7630
p,7174
p,2306
p,6454
q,1412
q,3611
p,557
q,7340
p,7517
q,6763
p,5731
q,9447
q,2374
p,9328
q,2521
q,4505
p,7233
q,3907
p,1810
q,1550
q,5189
p,5674
p,5925
p,8715
p,8267
q,4886
q,4511
q,4506
p,5020
p,4195
p,2331
q,6469
q,9239
q,451
p,8211
p,1518
p,7374
p,616
p,6716
p,4912
q,5843
q,868
q,9402
p,9672
q,2495
q,6624
q,3293
q,9632
q,4418
p,8935
q,5274
q,9072
p,8431
p,2910
p,1315
q,556
q,2523
q,7400
q,1263
q,4923
q,8550
q,5689
q,8290
p,522
q,9000
q,7583
p,2722
p,8534
p,3208
q,1594
q,3386
p,5652
q,1685
p,923
p,8804
q,528
q,7714
p,4416
q,4414
p,976
q,34
q,2037
p,1535
p,7284
q,5061
p,1228
q,2813
q,5020
p,7068
q,7387
p,418
q,6535
p,8390
q,2894
p,8837
q,9948
p,96
q,3941
p,8806
q,6659
p,743
p,8951
q,991
p,760
q,8579
q,1953
p,1660
q,5860
q,99
p,5169
p,678
p,4289
p,1473
p,8456
p,4076
q,1119
q,521
q,2889
p,4884
p,1647
q,6777
q,336
p,5356
p,4380
p,2170
q,8956
q,9233
q,4759
p,6498
p,3736
p,6390
p,2292
p,1308
q,8407
p,3074
p,4996
q,5570
p,3566
q,5414
p,7766
p,9698
q,1919
p,5899
q,8821
p,7264
p,6986
p,9683
p,4798
p,6419
p,3386
p,9537
p,2137
q,948
p,4069
q,4147
p,8277
q,867
q,5619
p,3814
q,1631
q,7427
q,7050
q,8514
p,6004
p,4895
p,7103
p,9077
p,3875
p,1876
q,4392
p,8235
q,9931
q,2502
p,9821
q,3826
q,9088
q,8838
p,3161
p,7831
q,7232
p,4425
q,5399
p,2211
p,9332
q,5751
p,9779
q,2777
q,8000
q,3892
p,3882
q,3423
q,8651
q,744
q,5841
p,8526
q,7001
p,9231
q,6490
p,7638
p,6909
p,3894
q,7012
q,1221
p,8275
q,6768
q,6971
p,1189
q,1843
q,4034
p,2478
q,7714
q,825
q,3559
q,3334
q,4922
p,5362
p,6084
q,2543
p,1326
q,9758
p,3763
p,5957
q,155
q,1323
p,9223
p,599
q,7440
p,8028
p,7565
q,3079
p,7129
p,473
p,1031
q,9480
p,6348
q,6965
p,5404
p,2976
q,6293
q,6853
q,2878
p,4685
q,1652
p,9089
q,3296
q,98
q,9258
p,2621
p,5505
q,5915
p,3079
q,2881
p,3176
p,8410
p,264
p,9653
q,5136
q,2170
p,7585
q,6264
p,5275
q,2996
p,2197
p,1991
p,1165
p,1983
q,5051
q,1451
p,1311
p,2211
p,4962
q,5605
p,105
q,1450
p,6836
q,9916
p,91
q,5731
p,2011
p,8035
q,2682
p,4585
p,1352
q,9227
q,120
p,49
q,3150
p,440
p,6634
q,7692
q,9740
q,8475
p,4714
p,1499
q,2322
p,7662
p,7666
q,7103
q,9425
p,9068
q,4670
p,1885
q,7882
q,8341
p,4982
q,9805
q,9697
p,2098
q,3368
q,9256
q,3176
q,6166
q,6596
q,2923
q,7640
q,6268
q,5455
q,4799
p,9628
p,9149
q,2103
p,1642
q,9355
p,4087
p,623
p,8362
p,9320
q,8422
q,9937
p,2030
p,4249
p,6911
q,824
q,5158
q,6095
p,902
q,7352
q,6374
p,8082
p,7841
p,2581
q,1696
p,6943
p,9972
p,3551
p,1418
q,1972
q,1803
p,8164
q,4599
p,1801
p,4127
q,9372
q,3194
q,1516
p,3251
p,7751
q,7662
q,6411
p,3734
p,2674
p,6442
q,5722
q,6981
q,5581
p,5284
q,9204
p,1033
q,6964
p,2607
q,5658
q,3216
q,1244
q,1206
p,1091
q,9777
p,8221
p,5288
q,5276
p,3802
q,4014
p,6986
q,1690
q,4715
q,4187
q,6367
p,5303
p,5583
q,5455
p,2017
p,6721
q,4142
q,8296
q,8598
q,9271
q,4633
p,9783
q,1218
q,8941
q,8878
q,3621
p,2404
q,4612
q,1940
q,3391
p,157
p,9305
q,9756
q,7935
p,3986
p,8011
p,1547
p,1964
p,2731
p,1178
p,8538
p,8774
p,2310
p,7369
p,8830
p,2238
p,7518
p,773
p,260
p,4322
p,7115
q,387
q,1318
q,3518
p,7377
p,1134
q,8698
p,8376
q,2812
p,549
p,3380
p,1454
p,8894
p,9543
q,4707
p,7982
p,3752
p,3908
q,5328
p,1983
q,4193
p,2059
p,5333
p,4984
q,7631
q,6939
q,2924
p,8758
p,4725
q,8889
p,7663
p,2181
q,4609
q,2973
q,6000
p,947
p,8499
p,1612
q,9385
q,6854
q,6345
q,5132
p,7276
q,8308
q,7216
q,3740
q,1829
q,2467
q,7209
q,1106
p,8312
p,2488
p,1435
q,5312
p,9212
p,8027
p,7382
p,3894
p,6211
q,1020
q,1969
q,1617
p,6447
q,6641
p,5745
p,9917
p,6557
q,8420
q,7588
q,3309
p,826
q,4077
p,1292
q,3970
q,5442
p,2017
q,2571
q,4456
q,649
p,9884
q,4295
p,9000
p,5739
p,743
p,3334
q,4258
q,12
q,6620
q,7798
p,4742
p,7516
p,296
q,737
p,5786
q,9622
p,4553
p,3841
p,1308
p,7789
q,512
p,6358
q,9001
p,6835
q,4432
p,6309
q,5156
q,2148
q,6847
p,9102
q,7758
q,6477
p,6199
p,100
p,9797
p,2100
q,1042
p,6487
q,1831
p,490
q,3968
q,5531
q,2461
p,9467
p,4941
q,2982
p,3125
q,2533
q,7336
q,9167
q,5500
p,5124
q,341
q,5214
p,2318
p,5983
p,3040
q,122
q,9764
p,523
p,3490
q,6641
q,1537
q,2027
q,9614
q,7425
q,7099
q,6412
p,8553
q,7100
q,4860
q,5470
q,2033
p,3775
q,1844
p,2526
q,771
q,1883
p,4680
p,4969
q,3490
p,3873
p,1230
q,9156
q,5304
p,9906
q,6898
p,5453
q,1321
p,5004
p,8816
q,1102
p,802
q,7602
q,6825
p,4409
q,2203
q,1956
p,5033
p,1305
q,8336
p,1594
q,7387
q,1544
p,7238
p,9572
p,1655
q,7548
p,6000
q,274
p,7334
p,5810
q,46
q,7937
p,3765
p,2276
q,7977
q,5204
p,1167
q,40
p,8066
q,5919
q,9311
p,9389
p,9202
q,1969
p,2428
q,9408
p,2851
p,4974
q,6611
q,4665
q,3647
p,6027
q,5803
q,3014
q,5926
p,4999
q,9216
q,8978
q,5250
p,7634
q,5878
p,6364
q,8858
p,597
q,5551
q,5138
q,1910
p,7206
q,1176
q,7634
p,4258
q,3379
p,4706
q,5413
p,8690
q,9243
p,6261
p,9354
q,5975
p,6649
p,4413
p,6219
q,9116
p,2414
q,7806
q,6387
p,6358
q,556
q,9833
p,1766
p,1523
q,1812
q,4442
p,8488
p,3354
q,3085
p,7276
q,3963
p,6727
p,6552
p,670
q,3930
q,408
p,5822
q,386
q,291
p,3944
p,6862
q,6528
p,6393
q,1228
p,6157
p,696
p,7286
p,240
q,8315
q,4204
p,1747
p,606
p,9407
q,7249
q,8386
q,2946
q,8519
q,4688
p,714
p,24
p,8412
p,2033
q,2503
p,8383
q,9908
q,1050
p,4208
q,2540
q,5274
q,263
p,4537
p,5224
p,3428
p,268
p,1144
q,1351
q,9756
q,9045
q,8336
p,7888
p,2094
q,2417
q,7190
p,832
p,9887
p,3509
p,8299
p,4674
q,1379
p,1919
q,9878
q,2747
q,5175
p,5671
q,8816
q,83
p,7253
p,1853
p,9051
p,6312
q,2774
p,317
p,1071
p,7762
p,7154
p,7924
q,5690
p,5303
p,9963
q,3707
p,7409
q,4680
q,5691
q,7192
p,4776
q,7184
q,8967
q,6811
p,2920
p,3301
p,6012
q,8811
p,6970
p,3814
q,6257
q,4126
q,5699
q,8496
q,2458
q,2790
p,5533
p,307
p,9650
q,1824
q,4169
p,6571
p,4387
q,9865
p,7894
p,7367
q,6029
q,8225
q,5496
p,6822
q,6715
p,3900
q,9867
p,8090
q,8322
p,2030
q,235
p,959
q,2891
q,5363
q,5601
p,349
p,4845
q,3882
p,783
q,4508
q,9557
p,3936
q,2903
q,9820
q,8790
p,6801
p,1448
q,4267
p,6942
q,4630
p,2390
p,6068
q,9206
q,7446
p,323
p,6977
p,9704
q,5244
p,4761
q,339
p,6234
p,1103
q,8589
q,5650
p,1391
p,3383
p,2543
p,9001
q,456
q,9435
q,1212
q,8038
q,1586
p,1162
q,9762
p,9897
p,6818
q,6683
q,5577
q,6989
p,3663
q,5230
p,6045
p,4911
q,4424
p,5702
q,1446
p,1713
p,4468
q,4833
q,7974
p,4285
q,8473
p,7011
q,8550
p,147
q,9627
p,4336
q,5785
p,950
q,9999
q,3031
p,1463
q,8238
p,7957
p,2963
p,9704
q,7862
q,2926
q,8965
p,7416
q,3907
p,8771
p,4595
q,6979
p,4879
q,9696
p,409
p,3255
p,169
p,7667
q,1677
p,1790
p,6587
q,7410
q,8472
p,9213
p,2854
p,1138
p,7589
q,5334
p,7335
p,5454
q,8795
p,8273
q,2070
p,8092
q,2943
q,4152
p,8339
p,7985
p,4447
p,2512
q,7035
p,2271
p,5719
p,2426
q,2176
q,150
q,9326
p,4266
q,3014
p,2886
p,8880
q,2187
p,9619
q,5276
q,1932
q,4696
p,5452
p,3889
q,149
p,378
p,4918
p,4919
p,2528
q,4989
q,1703
p,3919
p,5467
q,8477
q,3879
q,4170
q,4372
q,4419
q,1462
q,5531
q,6894
q,5434
p,1270
q,6367
p,6535
q,3610
p,3511
p,1682
p,2302
q,137
q,879
p,1378
q,2812
p,7740
p,1135
q,1045
p,9579
q,6780
p,5702
q,5351
q,24
q,5883
q,1296
p,601
p,6807
q,3390
q,3742
q,2112
p,1059
p,4213
p,424
p,9591
p,9160
p,4842
q,4278
q,2514
q,9359
q,2756
q,5382
p,2158
q,9582
p,2986
q,8905
p,2342
p,6923
p,9049
q,8065
q,2732
p,1583
q,5354
p,2488
q,6889
p,306
p,7550
p,4375
p,1310
p,1874
p,589
p,431
q,3226
p,3930
p,2211
q,9686
p,3855
q,8917
q,3879
p,8735
q,3918
p,1741
p,9885
p,1910
p,4179
q,3247
p,2025
p,8377
p,6991
q,666
p,7976
p,3940
q,6574
q,3170
q,6576
p,9447
p,6737
p,6085
p,5369
q,1682
q,1972
q,6906
q,3701
p,2912
q,5059
q,1122
p,1237
q,6006
q,783
p,6370
q,1704
q,5992
p,9175
q,2831
q,3961
q,8147
p,7248
q,7318
q,6687
q,8480
q,3211
q,1624
p,3884
p,6659
q,2577
p,9873
p,1399
q,9065
q,715
q,5895
q,4885
q,5622
p,7667
q,3567
p,7351
q,2870
p,8631
p,3138
p,1347
q,3539
p,9953
q,4034
p,2930
q,7123
q,1595
p,4423
q,9291
q,6743
p,7562
p,6255
q,7836
q,9569
p,7077
q,4341
q,6777
p,2863
q,493
p,4015
q,6913
q,1220
q,3216
q,7363
p,4490
q,9143
q,4035
q,6010
q,2198
p,2381
p,9765
q,7372
p,3962
p,6327
q,7476
q,6492
q,318
p,7440
p,6435
q,3589
p,6804
p,9477
q,5864
p,5556
q,5608
p,7671
p,3381
q,9784
p,1567
q,5462
q,8961
p,9860
p,8530
p,1537
p,4300
p,7371
q,8981
p,6766
q,1477
q,8663
q,696
p,1217
p,7476
p,4256
q,7257
q,8320
p,2620
q,823
p,9464
q,5766
p,663
p,8204
q,429
p,4840
q,4110
q,2762
p,9786
q,7929
p,8613
p,3371
p,3913
q,4248
q,1162
q,8044
q,7985
q,3114
q,468
q,8686
p,5750
p,6377
p,4403
q,3178
q,2182
p,1619
p,8740
p,8032
q,5079
q,8558
p,5365
q,4218
q,8470
q,9780
q,2349
q,7131
q,3782
q,3340
q,8357
p,4991
p,5968
q,2547
p,7548
q,8191
p,9848
p,5310
q,1399
p,4045
q,6484
q,1188
p,8837
p,2554
p,6517
q,8182
q,3061
q,6776
q,9146
q,742
q,5009
q,7871
p,9657
q,9082
p,3924
q,4253
q,7867
p,6063
p,3963
p,6355
q,2702
p,7905
q,6594
p,8862
q,9220
q,8200
p,8453
p,520
p,6721
p,7426
p,3017
q,1547
p,9428
p,7611
p,4344
p,8410
p,7393
q,7754
q,1577
q,7899
p,2590
q,4138
q,5519
q,2962
p,7443
p,518
q,8175
q,5373
p,4994
q,4077
p,2382
p,1483
p,6337
p,1229
q,3637
q,3631
q,3748
p,1416
p,3687
q,7922
q,9605
p,8037
p,7319
p,6086
p,2873
p,7806
p,4165
p,6723
p,3410
p,8070
p,5173
q,1032
p,99
p,3263
p,2635
p,7179
q,4712
p,7049
q,5985
q,4751
p,4697
p,4782
p,7590
q,940
p,3175
p,6372
q,369
q,932
q,1824
q,2967
q,6248
p,1922
p,4776
q,2932
p,8370
q,373
p,1228
q,2359
p,1975
q,7355
p,5693
q,9379
p,8721
p,1323
q,694
p,2237
q,2510
p,1981
p,750
q,6690
p,5708
p,392
q,5474
p,7710
q,1977
p,3636
q,6924
q,3146
p,5323
p,5512
p,8743
q,4085
p,8639
q,862
p,86
q,5585
p,3477
p,1896
p,9795
q,4250
q,4652
q,4992
p,1629
q,5371
p,6089
p,6180
p,4979
q,8345
q,1535
p,8608
p,4414
q,9262
q,1964
q,691
p,6215
q,7443
p,7459
q,2483
p,6880
q,8614
q,9781
q,4727
p,3843
q,7973
q,5242
p,1826
q,4269
p,6873
q,176
q,2187
q,352
q,4860
q,8363
p,3226
q,4146
q,6108
p,7048
q,4405
q,6912
q,7421
p,6387
p,4278
p,8293
q,9414
q,9145
p,8551
q,2220
q,5739
p,8210
q,5090
p,1496
q,3894
q,8686
p,7800
q,9958
p,4841
p,1123
q,5673
q,1521
p,4518
p,4344
q,7855
q,4142
p,3724
q,8256
p,6897
q,7910
p,1995
p,8288
p,4339
q,3168
p,2584
p,8050
q,9676
q,6138
q,1307
q,7122
p,2727
q,8666
p,7318
p,2754
q,6519
q,9380
q,9630
p,5461
p,8119
q,1458
p,9604
q,132
q,8731
p,851
p,972
p,8989
p,1664
p,6220
q,997
q,7021
p,2840
p,6532
p,604
q,6909
p,3408
q,165
q,3906
p,4151
q,738
q,6120
p,7669
q,4743
q,5108
q,8023
p,5870
q,4240
p,2235
q,8760
p,5832
p,890
p,9282
q,9655
p,1368
q,8754
p,1769
q,2613
q,1519
p,3099
q,5323
p,1128
q,215
p,2802
p,3297
p,4135
q,2809
q,4411
p,1407
p,5489
q,9686
q,7163
q,3356
p,9735
q,9482
p,2840
p,2570
p,8306
p,282
p,2100
q,8493
p,3893
q,748
q,4433
p,727
p,6477
p,1915
p,5981
p,4549
p,9973
q,1436
q,1417
q,1208
p,4882
q,6301
p,8421
p,1538
p,488
q,3391
p,4866
q,1625
p,1051
p,8074
p,2245
p,2108
p,4418
p,2458
p,4623
q,3607
p,5376
p,2303
q,2769
q,8730
q,9193
q,3492
p,3890
p,9864
p,2120
p,8554
q,7985
p,4716
p,7530
q,8772
q,3129
q,103
q,342
p,6029
p,2414
p,5048
q,6419
q,9429
p,5783
q,4905
q,5766
p,2180
p,2343
q,845
q,7534
q,4784
q,8251
q,9694
p,9309
q,3120
q,4723
p,3119
q,2795
p,1310
p,276
q,9953
q,2461
p,2923
q,6113
q,3401
p,3659
q,9606
q,5598
p,318
p,2161
p,3844
p,3447
p,6624
p,7047
p,6637
q,8435
q,1611
p,9188
q,4654
q,3175
p,8402
p,7104
q,3126
p,472
p,8589
p,5483
p,4058
p,1111
q,3326
q,6561
p,4178
p,8293
q,5248
q,8515
p,8470
p,2910
p,6715
q,1449
q,2730
q,4964
p,3944
q,2586
p,6176
p,3392
q,2143
p,8536
q,8729
q,8245
p,587
q,3015
q,8123
p,1003
q,5368
q,9988
q,1574
q,432
p,1508
q,8152
q,9871
p,7122
p,8431
p,9098
p,7920
q,4005
q,1676
p,425
q,3347
p,1948
p,904
q,7044
p,7520
p,8665
q,7703
q,1804
p,252
p,8405
p,4025
p,7357
p,234
p,4699
p,3889
p,9150
q,8511
q,8208
q,6022
q,5544
p,9452
p,1613
p,1161
q,7981
p,7362
p,4234
p,6895
q,173
p,6189
p,992
q,1618
p,3969
p,701
q,7137
q,4370
q,3809
q,5669
q,9935
q,9536
q,508
p,6990
p,1017
q,3402
q,7310
q,4962
q,8420
q,7698
p,2581
q,5516
p,2792
p,5590
q,6659
q,4092
q,6257
q,9094
q,6822
q,4163
p,1062
q,4732
p,6450
p,2411
q,3306
q,7965
q,2406
p,230
p,6060
p,1463
q,6646
p,7516
q,3039
p,2025
p,598
q,1664
p,4564
p,6405
q,5089
q,815
p,2807
p,4753
q,4170
q,6022
q,8259
q,3003
p,4460
q,7029
q,4872
q,1230
q,6922
q,2087
p,8567
q,2113
p,2804
q,6109
p,957
p,998
p,8063
q,5428
p,4523
p,5067
p,76
q,9201
p,7874
q,9047
q,5199
p,6612
p,2382
p,24
q,8376
q,8194
q,9879
q,5700
p,6170
q,7219
p,2895
p,109
p,6135
p,494
p,5728
q,4504
q,4270
q,7105
p,2591
p,9949
q,5555
q,8817
q,6060
p,5940
q,718
p,7390
q,6538
q,40
p,4165
p,5382
q,4676
p,1802
q,7331
p,7721
q,4693
q,8001
q,8700
p,2642
p,81
p,4951
p,3897
p,4691
q,2558
p,7958
p,3773
q,427
q,8293
p,902
p,1344
q,6227
q,2761
p,6170
q,7936
p,9658
q,9864
q,1772
q,8701
q,7858
q,1893
p,8301
p,8166
p,9204
p,4385
q,3673
p,4445
p,6172
p,1712
q,4186
p,2353
p,4597
p,7370
q,5761
p,4947
q,2917
p,8706
p,2531
p,1167
p,559
p,7407
p,791
q,7889
p,5022
p,3189
p,3756
q,1775
p,87
p,46
p,7619
p,6117
p,634
q,7723
p,4748
p,8322
p,3029
q,4988
p,3229
p,3294
q,3956
q,6684
q,5369
p,9746
q,1839
q,5234
p,149
q,8717
q,2231
p,6422
q,8526
p,9275
p,8422
p,879
q,7776
p,694
p,7882
q,7353
q,9225
q,7493
q,5215
q,2103
p,4679
q,4693
p,5166
q,343
p,3999
q,6305
p,8421
q,479
p,8657
q,3149
p,9563
p,6798
q,1860
p,1179
q,7030
p,3000
p,9103
q,4201
q,9241
q,2701
q,4541
p,9546
p,7542
q,49
p,951
p,3209
q,6776
q,8169
q,6216
q,848
q,4569
q,5940
q,1773
p,4402
p,7756
q,7563
q,425
q,7033
p,4008
p,4178
q,1913
p,7707
p,1013
q,3137
q,3899
p,63
p,7360
q,5953
q,8976
p,8427
p,4021
q,6697
p,699
q,646
q,7899
p,9972
q,5201
p,2324
q,6564
q,7773
p,2221
p,7445
p,116
q,4206
p,4689
p,5624
q,5676
p,3721
q,9586
q,6685
p,804
p,8235
p,4992
q,5799
p,1324
p,8830
q,745
p,734
q,3955
p,2141
p,3901
p,7908
p,4549
p,9910
p,5935
q,9143
p,1999
p,9571
q,5668
p,8338
p,5023
q,8190
q,7767
p,1617
p,582
q,9093
p,271
q,96
p,5977
p,7514
q,326
q,3157
q,1081
p,502
q,8324
p,778
q,1066
p,7530
p,54
q,8711
p,1517
p,6746
q,330
p,2314
p,8876
p,2171
q,8378
p,3871
q,7449
q,5510
q,1596
p,6653
p,2082
q,7584
p,8604
p,2815
p,7866
q,9615
q,3495
p,5575
q,6996
q,9100
p,5605
p,4581
p,1589
q,7690
p,4328
q,4543
q,3716
q,3321
q,4505
p,1058
p,1241
q,9685
q,1157
q,9010
q,5223
p,2118
p,4154
p,9759
q,7679
q,5395
q,5892
q,5864
q,4744
q,5616
p,1553
p,652
q,9032
p,5556
q,8602
q,9515
q,1508
p,8463
p,8168
q,9751
p,4078
p,7374
q,4857
p,857
p,6142
q,6682
q,3271
q,8856
p,7030
p,3067
q,4798
q,9983
q,9981
q,9137
q,7908
p,3214
p,8284
p,5762
q,5676
q,5118
p,7371
p,6986
p,9381
p,3246
q,1776
p,9497
q,5197
q,4016
q,2671
p,6210
p,953
p,3274
q,2258
p,5832
p,9764
p,6473
q,1108
q,4716
p,3975
p,5311
p,6993
p,7974
p,5913
q,4482
p,3004
p,3555
q,2147
p,3830
p,3809
q,9915
q,3617
q,5333
p,380
p,9939
p,5242
p,5014
q,2956
q,8186
q,37
q,2216
p,2041
q,4991
p,5120
q,7532
q,7328
q,8528
p,1669
p,297
p,8478
q,801
p,6092
p,9562
p,6043
q,1244
p,2041
q,761
p,5035
q,8071
q,4472
q,7242
p,4434
p,6603
q,4355
p,240
p,134
p,1081
q,7410
q,1542
p,4905
q,1732
p,979
p,6296
q,3698
p,5713
p,7079
q,6665
q,5400
q,6522
q,791
q,9993
p,8582
q,4055
p,9447
p,2871
p,7992
p,2351
p,9994
p,7416
p,9331
q,6928
q,4149
p,1664
p,7
p,8223
p,1231
q,5849
q,1158
q,399
q,2279
p,792
q,6584
q,2683
p,4240
q,3639
p,7948
q,3568
p,4085
p,1586
p,9122
p,6450
p,8069
p,4731
p,2906
q,6320
q,2733
q,4588
q,8556
q,5627
q,4406
q,8886
p,310
p,9333
p,357
q,596
p,1825
p,2166
q,413
q,9963
p,5199
q,6151
p,3442
q,9702
p,3574
p,9818
p,2986
q,8758
q,8587
q,6002
q,2045
p,8646
p,2091
q,5984
q,2639
p,808
p,4616
p,6598
p,7034
p,1456
p,6928
p,354
p,2776
p,4783
p,1186
q,8560
q,2621
q,4929
p,5705
p,9080
p,6184
p,2585
p,3358
p,7168
q,4683
p,8763
q,7101
p,2836
q,4986
p,5652
q,4831
q,2500
q,9799
p,2723
p,2691
q,7691
p,2892
p,4358
p,6979
q,6656
p,6040
q,3144
p,646
q,8972
q,7429
q,4938
q,5433
p,4000
q,4082
p,2155
q,6637
q,5242
p,5211
q,4511
q,9457
q,5374
q,8776
q,4895
p,4619
q,4812
q,1964
p,6445
p,4547
p,7497
p,5027
q,2128
q,53
q,846
p,5790
p,6970
q,3320
p,8621
q,5141
q,1923
q,6604
q,2704
p,9814
p,6334
q,2129
p,9261
q,5095
q,6583
p,4440
q,7178
p,2762
q,942
q,4953
p,5767
q,423
q,349
q,4740
p,6676
q,6482
q,3317
q,2488
q,8851
q,4701
q,6691
p,1291
q,8710
q,1519
p,31
q,436
q,3957
q,489
q,1833
q,2639
q,1057
p,7040
p,3435
q,4032
p,4222
p,366
p,516
p,2165
p,2991
q,3894
p,3755
p,5600
p,7051
q,2317
q,8219
p,2336
p,7832
p,5162
q,6153
p,6675
p,3223
q,9669
q,7510
q,6986
q,2089
q,4477
p,9452
p,603
q,7731
p,8205
p,31
p,8173
q,7559
q,7492
p,1057
p,1812
q,683
q,1233
p,2482
q,2673
p,2467
q,8344
q,1219
p,8925
q,5873
q,4444
p,5890
q,9496
q,6800
p,4740
p,5092
q,689
p,8568
p,2794
q,6681
p,829
p,1727
p,849
q,8763
q,1535
q,3608
q,9278
q,3586
q,5342
p,5561
p,1440
p,1325
p,6529
q,7632
q,1711
q,5462
p,9296
q,2019
q,9742
q,7830
q,2471
p,5535
q,8901
q,1875
q,750
p,6347
q,2877
p,1808
q,4192
p,5038
q,4568
q,6056
p,2682
p,976
q,254
p,7404
q,365
p,1059
q,7095
q,253
p,5451
p,5269
q,9338
q,3212
q,113
p,1611
p,5470
p,6869
q,7178
q,9747
q,8123
p,3782
q,6571
p,8408
p,3993
q,8573
q,6276
q,124
p,9246
p,1486
p,5026
p,7332
p,6932
p,1161
q,4352
p,3085
p,2346
q,3771
q,1230
q,5630
q,29
p,9269
q,2415
p,4131
q,8752
q,8430
p,1577
q,9021
p,2112
q,8549
q,4573
q,5650
p,5413
q,6021
q,5162
q,8569
p,840
q,3898
p,5669
p,8
p,6748
p,5535
p,3623
q,568
p,5043
p,5941
p,4076
p,8679
p,6806
p,517
q,1022
p,1144
q,1049
p,9113
p,5056
q,1073
q,2837
q,6474
q,2518
q,1362
q,2438
p,5724
q,5869
p,8226
q,3000
q,9452
p,437
p,2306
q,8256
q,937
q,6694
q,5902
q,4199
q,7829
q,6628
p,7860
q,6940
p,4936
p,4076
p,4445
q,9605
p,8770
q,7771
q,4491
q,9671
p,6173
q,3535
q,1498
q,5883
p,235
p,4460
p,9873
p,152
p,3751
p,6536
p,5273
p,4142
p,3652
q,1315
p,6457
q,9494
p,3916
q,7804
q,9336
p,7032
q,3916
p,426
q,3892
p,7321
q,8182
q,4115
p,1015
q,17
p,7458
p,2556
p,734
p,3986
q,8577
p,2222
q,5057
p,8734
q,9138
q,7959
p,149
q,2444
p,5375
p,9745
p,8136
q,3468
p,7688
q,1674
p,7662
p,1325
p,154
q,9966
p,620
q,8681
q,2575
q,3096
q,9800
p,1325
p,5824
q,4998
p,8052
p,7124
q,7313
q,139
p,6458
q,607
p,4849
q,6477
q,6212
p,8586
p,2242
p,5156
p,1735
p,1929
q,4824
q,2263
q,4512
q,2467
p,2758
p,3778
p,9843
q,7350
p,8160
p,5687
q,803
q,5465
q,7136
q,2118
p,7107
q,9670
p,8940
q,1029
p,6417
q,4367
p,8690
q,3502
p,6552
p,6135
q,2433
p,1694
p,2897
q,3962
p,5696
q,3507
q,117
p,4205
q,6957
p,250
p,6398
p,9976
q,8382
p,3138
q,8226
p,8892
q,1340
q,2424
q,1416
q,6003
p,2296
q,1994
p,1847
p,795
p,6760
q,6794
q,6324
p,2346
q,533
p,875
q,5538
p,7872
p,9008
p,6148
q,1426
q,7224
q,5450
p,7033
p,9526
q,1432
q,3276
q,1873
p,4610
q,2352
q,6466
q,4331
q,2699
q,3070
q,6486
q,604
p,4897
q,5213
p,4900
q,5311
p,8202
q,1844
p,4923
q,8350
q,6131
p,7253
p,5967
p,9478
p,2462
q,1857
q,3374
p,9125
p,3810
q,9656
p,3177
q,6612
q,5415
q,3581
p,5395
q,1174
p,9484
q,8972
p,450
p,4312
p,881
p,8899
q,5570
p,7154
q,3164
p,772
q,8127
p,8177
q,4699
q,648
p,196
q,3984
q,9005
p,3625
q,8928
q,999
p,6224
p,8132
q,1869
p,256
p,4479
q,7366
q,57
p,42
q,2406
p,5155
p,1857
q,934
p,2714
q,2366
q,4605
q,4118
q,217
q,1886
q,5455
p,9586
p,7076
p,7831
p,3662
p,2289
p,4436
p,2712
q,9780
q,8172
q,6370
p,1810
p,5619
q,4265
p,3869
p,4808
q,3805
q,5781
p,8775
p,1929
q,176
p,8231
p,8500
q,9904
p,8153
p,7195
p,1753
q,4307
q,6619
q,4813
p,1456
q,3314
p,1491
q,9018
q,2315
p,1908
p,4702
p,709
p,6335
q,3533
q,617
q,463
p,5611
p,1121
p,9580
p,3149
q,2416
p,5734
q,1846
q,1162
q,1325
p,5695
p,8037
q,1077
q,9442
p,2284
p,1849
q,8672
p,1654
q,5797
p,2753
p,4602
q,8268
q,4836
q,9399
q,764
q,83
q,9069
p,5516
p,9975
q,6346
q,6326
p,371
p,4481
p,8773
p,4392
p,7876
q,9592
q,5991
p,6768
p,8275
p,4371
p,3775
p,4312
p,9883
p,5389
q,6056
q,4619
p,1595
q,4049
p,5722
p,79
p,4541
p,4913
q,6254
p,1412
q,2194
p,2372
q,7794
q,6585
q,901
p,888
q,4528
q,3679
q,5248
q,9481
p,7731
q,1476
q,5676
p,669
q,7797
p,3831
p,135
q,536
q,4222
q,5411
q,4080
q,1169
q,74
q,9756
q,9170
q,965
q,9129
q,7507
p,7642
p,7847
q,4202
q,1894
q,6815
q,8038
q,7887
q,1447
q,3230
q,7487
p,6014
p,7895
p,9455
q,5816
q,8920
q,5172
q,5408
p,1767
q,3509
q,6154
q,3093
q,3772
p,6873
q,359
q,2551
q,4328
q,2894
q,5938
p,3816
p,2932
q,5873
p,7003
q,1646
p,1577
q,4975
p,8530
p,2310
q,1081
p,9114
q,4158
q,2470
q,5939
p,6331
q,7516
p,8572
p,4090
p,5562
q,3531
p,7412
p,3611
q,3002
p,676
p,8680
p,13
p,7761
p,4332
p,1031
q,4593
p,7984
p,8312
p,6619
p,6088
q,2929
p,2829
q,9893
p,116
q,2684
p,8712
p,3882
q,1168
p,1041
q,7088
p,6538
q,2907
q,5330
q,7191
p,8567
p,7944
q,5048
p,8531
p,1974
p,7879
q,2350
p,912
q,1115
p,1882
p,6950
p,8449
q,2449
q,8735
q,3670
p,4729
q,6461
p,1836
q,9736
p,4407
p,2594
p,3091
p,2461
p,4006
q,858
q,5541
p,529
q,7241
p,1349
p,7017
p,2510
p,7346
q,2430
q,4397
p,2357
p,25
p,8837
q,3236
p,2993
p,7766
p,9575
p,4000
p,6000
q,2043
q,8905
p,7136
p,2409
p,6538
q,6057
q,8689
p,1015
p,1101
p,5230
p,849
p,6283
p,3243
p,7579
p,2124
q,3899
q,4465
p,5650
q,9124
q,7493
q,4936
p,6345
p,4228
p,5315
p,273
q,876
p,8893
p,5846
q,4605
q,1311
p,8444
p,2906
p,3244
p,4268
p,7437
q,7985
p,8405
p,7874
p,4175
p,2120
p,6359
q,8117
p,8712
p,6194
q,9701
q,2386
q,8089
p,2790
p,9730
q,4268
q,3708
q,6922
p,4872
p,970
q,7765
q,9727
q,8283
q,5932
q,9873
p,570
p,8988
p,5346
q,5104
q,6346
p,3320
q,2718
q,7807
p,5782
q,1901
q,7143
p,7644
q,4767
p,5771
p,5838
p,8194
p,1861
q,9614
p,6260
p,4691
p,3512
q,2768
q,8969
q,3212
q,2479
p,4084
p,9111
p,6120
q,9186
p,1424
p,1685
p,4402
q,4999
p,7926
q,5784
q,5951
q,3059
q,5187
q,281
p,9922
p,9226
q,7992
q,8914
q,142
p,5708
p,3130
p,1696
p,2410
p,1369
p,6803
q,8097
q,6403
p,624
p,5425
p,8114
q,223
q,3042
q,474
q,5269
q,71
p,1487
p,7029
q,6385
p,1007
p,2105
p,132
q,1196
q,8510
q,8510
p,4850
p,3543
q,7395
p,9285
p,3960
p,6192
p,7166
q,1425
p,3011
p,4664
p,5485
p,3543
p,9728
q,883
q,3526
p,9048
p,3119
q,5350
q,3807
p,572
q,567
q,4993
q,9410
q,8670
q,8449
q,5861
q,8848
q,8275
p,5965
p,6758
q,3045
q,8241
p,38
q,7428
q,1224
p,534
p,3809
p,8910
q,3238
q,160
p,1649
p,4561
q,486
q,7380
p,1388
p,9520
p,6324
p,6475
p,8895
p,18
q,1901
q,1930
p,6636
p,699
p,677
q,7277
q,2464
p,2731
p,5026
q,7187
q,3245
q,3643
p,2698
p,5406
q,1697
p,8767
q,3400
q,6974
q,2324
q,9879
p,8852
p,9170
q,8565
p,1767
q,169
q,1258
q,8287
q,7368
q,8727
q,1463
p,5678
q,4596
p,2823
p,6699
p,8358
q,4221
q,762
p,2208
q,9249
p,3075
p,7181
q,6061
p,1269
p,663
p,2949
p,9972
q,1241
q,6905
q,4037
q,9712
q,3927
p,6171
p,788
q,2852
p,2795
p,1201
p,3416
q,92
p,5880
q,5722
q,7757
p,7843
p,6629
p,2643
p,1747
p,1156
q,9162
p,3094
p,1197
q,7778
p,2266
q,8874
p,6992
p,6461
q,9784
p,135
q,7763
p,9704
p,3211
p,3058
q,4292
q,6026
p,1130
q,9199
p,1207
p,234
p,4859
p,9609
p,4950
q,9516
q,1615
p,5169
p,6469
q,4334
p,5181
p,3798
p,8777
p,7467
p,1201
p,3266
p,9410
q,9315
p,8001
p,3534
q,4361
p,6178
p,3714
p,4912
q,5914
q,5998
q,1990
q,1314
q,3622
q,7173
q,5225
q,546
p,3796
p,7999
q,7686
p,9412
p,5287
q,9365
p,1857
p,3971
q,4537
p,3120
q,1075
p,6021
q,9847
q,1433
p,7478
p,9938
p,9980
p,5857
p,1987
p,2543
q,6779
p,445
q,6713
p,4381
p,8489
p,7066
p,7081
p,6077
q,2160
p,4109
q,9131
p,3995
q,127
p,9214
q,4210
p,9858
q,6927
p,338
p,4306
p,1142
p,2050
q,8015
p,4554
p,298
q,1665
q,3184
p,2879
q,5010
p,5757
q,7141
p,2221
p,9785
p,5217
p,9739
q,5017
q,1803
p,18
p,1713
q,8198
p,8242
p,5042
p,897
p,9062
q,7517
q,1313
p,325
p,5345
p,7002
p,1912
q,1048
p,8600
p,8808
q,6155
q,6833
q,2159
p,6130
q,3385
p,7493
q,3569
p,8970
p,3750
p,9412
p,3849
p,4093
p,6725
p,4313
p,817
p,6838
q,2345
q,2282
q,2222
q,2654
q,5446
p,2567
p,1482
q,9890
p,5011
q,7053
p,9089
q,582
p,8055
p,6576
p,5436
q,4227
p,2503
q,9782
p,1953
p,3559
q,2174
p,5896
q,9527
p,9690
q,6421
p,2932
q,2522
q,6407
p,1358
q,4181
p,2223
q,7309
q,9654
p,8355
p,1584
p,6493
q,6691
q,9603
q,2469
p,2838
p,839
p,5804
p,4895
p,6597
p,5541
p,4747
q,5874
p,979
q,1121
q,2624
q,7491
p,1394
p,6632
q,9337
p,86
p,1362
q,6591
p,5139
p,415
p,2328
p,6970
p,5744
p,9091
p,5392
q,8274
q,9960
p,8747
q,5431
q,9153
p,7097
p,950
p,1521
p,1139
p,8342
p,3829
q,3588
q,6854
p,1400
q,623
q,9565
q,2365
q,7221
p,8645
p,230
p,1085
p,8945
p,9094
q,5107
q,8925
p,265
p,7840
p,4454
p,3747
p,1929
p,7460
p,5795
p,7164
q,977
q,1550
p,7640
q,5621
q,9427
p,5011
q,5790
p,7945
p,7388
p,877
q,2464
q,23
p,6286
q,6735
p,9900
q,3463
q,5203
q,6541
p,1743
p,1313
q,3219
q,7913
p,3569
p,7791
q,3147
q,3976
p,5969
q,5138
q,3322
q,5839
p,1117
p,1509
p,819
p,1611
p,7851
q,1307
q,9441
q,5473
q,6312
q,2938
q,6678
p,8339
q,4297
p,2955
p,5007
p,5091
p,1338
q,5890
q,6023
p,7388
p,2700
q,4342
p,8786
q,7540
p,2291
q,4123
p,2966
p,6415
q,2939
p,4837
q,4279
q,7813
p,6199
q,8790
p,9466
p,509
p,4331
q,3508
p,3603
q,4667
p,3883
p,8044
p,863
p,4047
p,1254
p,3969
p,1660
q,7103
p,6894
q,3668
q,6416
q,2741
q,4276
q,8201
q,4273
p,9180
p,6631
p,5897
p,420
q,1993
q,3096
q,1999
p,9922
q,4585
p,1837
q,1867
p,6700
p,7769
q,5628
p,5509
q,5345
p,3562
p,6759
p,3942
q,9879
p,3128
q,9291
p,8580
p,57
p,7499
p,7410
q,1600
p,7404
q,9856
q,3299
q,8876
p,5948
q,4285
p,863
q,5606
q,4308
p,3163
p,9415
p,2960
p,9386
p,6685
p,5862
p,1364
p,3589
q,7677
q,7466
q,1296
p,5074
q,2898
q,3626
q,9956
p,7450
q,9654
q,7941
q,8555
p,8705
q,3215
q,2035
q,8400
p,3441
q,8765
q,3718
q,6916
p,7327
q,8937
q,7732
q,6257
q,6086
q,6622
q,3115
q,8426
p,3092
p,9760
q,8831
q,2765
q,5430
p,7826
p,9607
p,9794
q,9144
p,6751
q,9524
p,6332
q,2860
p,6765
q,7004
p,1408
q,2591
q,9411
q,8441
p,4893
q,3465
p,2945
p,5712
q,2845
p,2194
p,7149
q,1138
p,9751
q,1661
q,5063
p,1577
q,3834
q,4620
q,3723
p,9142
p,1003
q,1831
p,5907
p,5517
q,328
q,8810
q,9857
q,6044
q,157
p,3202
p,6668
q,8648
q,8506
p,6106
q,4117
p,1904
q,9537
q,6368
q,2190
q,7256
p,6835
p,1382
p,2523
p,237
p,8358
p,7571
p,1669
p,7250
p,7158
p,9848
q,1583
q,8365
p,3677
p,9370
q,7289
p,8319
q,3616
p,7534
q,8869
q,8868
p,6281
q,1064
p,490
q,5152
q,582
p,308
p,8404
p,9313
p,7983
q,8892
p,9545
q,6436
p,6522
q,8571
q,141
q,7450
p,8869
p,5122
p,6472
p,3639
q,1982
p,8016
q,3795
q,6209
q,852
p,7498
p,2699
p,1247
p,8951
p,2291
p,9176
q,9763
p,7227
p,5913
p,3158
q,7164
q,4135
q,6389
q,2292
q,711
p,8571
p,654
q,7549
p,6558
p,3351
q,8157
q,6367
q,3287
q,7767
p,6137
p,93
p,9812
q,8800
p,1862
p,34
q,9313
q,1771
q,9871
q,4844
p,3850
p,7148
p,4752
q,709
q,6414
q,1032
p,896
q,8082
p,9274
q,2309
q,2699
p,103
p,7158
q,7126
p,9496
q,4333
p,698
p,1839
q,4811
q,9867
p,6510
q,7357
p,2405
p,1891
q,8146
q,3902
q,6096
p,8309
p,8649
q,754
p,4477
p,6522
q,8899
q,5815
q,5904
p,5124
q,1389
p,1134
q,8549
p,189
p,5850
q,4493
q,8494
q,5512
q,3808
q,8628
q,7035
q,3175
p,9598
p,4414
q,520
q,4539
p,3662
p,9290
p,1887
q,5612
q,4399
q,312
q,6945
q,7976
p,1248
q,1836
p,1568
p,970
q,66
q,4112
p,3285
p,2540
q,3654
p,134
p,4324
p,5931
p,2978
q,4967
q,9132
q,437
p,9408
q,5097
q,9650
q,2391
p,4658
p,7511
q,1106
q,7441
p,2877
p,5284
p,713
p,2094
q,2496
q,2794
q,6000
p,5859
q,1920
q,9040
p,1073
q,6283
q,5937
q,7364
q,1969
q,4994
q,1442
q,8686
q,3235
q,9867
q,3622
p,4956
p,5122
q,4736
p,6713
p,470
p,2147
q,4343
q,1025
q,9577
q,2418
q,3439
q,1279
q,4080
p,7033
q,3945
p,9429
q,4223
q,6739
p,8126
p,697
q,9520
p,3385
p,4734
p,9049
p,4686
q,1954
q,1853
p,8603
p,659
q,3887
q,7759
p,200
q,6305
p,5099
q,5396
q,8749
p,5296
q,9233
q,4689
q,77
p,3969
q,2138
q,869
q,8578
p,5188
p,8700
q,7115
q,3509
q,1952
q,4881
q,7126
p,4874
q,8396
p,7826
q,8204
q,180
p,1492
q,9274
p,1704
q,6988
p,8509
p,6733
q,4745
q,3018
p,7480
q,4743
p,5109
q,3663
q,8556
p,6176
q,2513
p,4126
q,8692
p,7333
p,3834
p,8006
p,4427
q,9947
q,5019
q,3013
q,619
p,2674
p,2062
p,517
p,8089
q,8189
q,1411
q,8096
q,8251
p,1270
p,9916
q,9705
p,7873
q,3276
p,9526
p,6653
p,6566
q,1556
q,1157
q,4730
q,9564
p,5649
p,368
q,9737
p,5550
p,3874
p,3116
p,5435
q,7972
p,1343
p,5131
p,4271
p,7911
q,2835
q,9670
q,1867
p,536
p,5842
q,4245
q,7005
p,8717
p,4788
p,351
q,9533
q,8997
q,1917
q,4368
q,4426
q,5807
p,3425
q,2508
q,2059
p,286
p,2955
q,752
q,5204
q,676
p,7648
q,1801
q,9210
p,3631
q,3726
p,1956
q,2508
p,8563
q,38
q,3869
q,1253
q,5116
q,5260
q,5921
q,8646
p,4582
q,2897
p,7653
q,1377
q,1805
q,8736
p,7597
q,7164
q,4713
p,206
p,6095
p,7185
p,8423
p,9542
p,1749
p,8585
q,8791
q,34
p,5468
p,2719
p,61
q,9496
q,861
q,8850
p,9339
q,3645
q,2757
q,5967
p,9797
p,9650
p,9154
p,1415
q,5799
p,6594
p,1777
q,5343
p,3496
q,2084
p,6391
p,8590
p,3637
p,3668
p,6256
p,3606
q,7318
p,7314
q,2621
q,901
p,8600
p,4999
q,8446
p,9521
p,8710
p,4811
p,2169
p,9653
p,1666
p,4506
q,7250
p,9606
p,1018
p,9948
q,9027
p,1560
p,9333
p,7443
p,228
p,5002
q,1945
q,2704
p,6626
p,9056
q,6556
q,2051
p,2615
p,9350
q,9710
q,749
q,9988
q,2307
p,1362
q,2946
q,5436
p,9332
q,9621
p,3941
q,5161
p,9300
p,9238
p,5485
p,2637
q,1279
p,748
q,5645
#end#
